施設名,施設分類_大分類,小学校区,建築年度_最古棟,築年数_2026年時点,延べ床面積合計_m2,支出2024_円,利用者数2024_人,出典PDF,出典ページ
市役所,行政系施設,八町,1978,48,60220.88,9348318377,,kobetsu_gyousei.pdf,p.1-2
柳原住宅,行政系施設,多米,1972,54,44774.24,1137568020,439,kobetsu_gyousei.pdf,p.259-260
資源化センター,行政系施設,二川南,1979,47,36278.49,2881610438,,kobetsu_gyousei.pdf,p.227-228
西部住宅,行政系施設,汐田,1978,48,36145.06,1137568020,349,kobetsu_gyousei.pdf,p.239-240
才ノ神住宅,行政系施設,つつじが丘,1983,43,31525.54,1137568020,309,kobetsu_gyousei.pdf,p.271-272
競輪場,その他施設,東田,1963,63,19091.26,855167279,217792,kobetsu_sonota.pdf,p.1-2
空池住宅,行政系施設,栄,1982,44,18398.10,1137568020,189,kobetsu_gyousei.pdf,p.279-280
中野住宅,行政系施設,中野,1983,43,14115.68,1137568020,155,kobetsu_gyousei.pdf,p.247-248
アイプラザ豊橋,文化・社会教育系施設,磯辺,1976,50,13298.84,93993669,221535,kobetsu_bunka_shakaikyouiku.pdf,p.149-150
岩屋住宅,行政系施設,岩西,1971,55,11506.86,1137568020,103,kobetsu_gyousei.pdf,p.267-268
南部中学校,学校教育系施設,栄,1962,64,10345.05,77279266,656,kobetsu_gakkou.pdf,p.125-126
高師台中学校,学校教育系施設,幸,1973,53,10015.04,26057257,584,kobetsu_gakkou.pdf,p.127-128
青陵中学校,学校教育系施設,牛川,1960,66,9957.62,37476231,635,kobetsu_gakkou.pdf,p.115-116
東部中学校,学校教育系施設,飯村,1981,45,9410.97,102064938,756,kobetsu_gakkou.pdf,p.107-108
南稜中学校,学校教育系施設,植田,1976,50,9317.14,28859529,613,kobetsu_gakkou.pdf,p.133-134
本郷中学校,学校教育系施設,高師,1985,41,8907.63,26043008,572,kobetsu_gakkou.pdf,p.131-132
南陽中学校,学校教育系施設,磯辺,1984,42,8895.57,23830183,481,kobetsu_gakkou.pdf,p.129-130
岩田小学校,学校教育系施設,岩田,1966,60,8800.56,30481622,817,kobetsu_gakkou.pdf,p.1-2
中部中学校,学校教育系施設,新川,1960,66,8797.87,26288902,620,kobetsu_gakkou.pdf,p.111-112
栄生住宅,行政系施設,栄,1979,47,8700.75,1137568020,93,kobetsu_gyousei.pdf,p.277-278
栄小学校,学校教育系施設,栄,1968,58,8210.05,40190044,678,kobetsu_gakkou.pdf,p.65-66
幸小学校,学校教育系施設,幸,1976,50,8115.28,32419779,888,kobetsu_gakkou.pdf,p.33-34
二川小学校,学校教育系施設,二川,1967,59,8081.49,31618035,426,kobetsu_gakkou.pdf,p.91-92
吉田方小学校,学校教育系施設,吉田方,1964,62,7947.87,29662388,727,kobetsu_gakkou.pdf,p.29-30
豊岡中学校,学校教育系施設,岩田,1969,57,7914.71,27728171,513,kobetsu_gakkou.pdf,p.105-106
羽田中学校,学校教育系施設,花田,1961,65,7898.64,25158039,431,kobetsu_gakkou.pdf,p.119-120
飯村小学校,学校教育系施設,飯村,1982,44,7793.96,27481114,638,kobetsu_gakkou.pdf,p.59-60
岩西小学校,学校教育系施設,岩西,1970,56,7694.56,22534351,521,kobetsu_gakkou.pdf,p.57-58
牟呂小学校,学校教育系施設,牟呂,1970,56,7562.96,23556960,651,kobetsu_gakkou.pdf,p.25-26
牟呂中学校,学校教育系施設,牟呂,1970,56,7506.85,27153690,600,kobetsu_gakkou.pdf,p.121-122
石巻中学校,学校教育系施設,玉川,1966,60,7404.87,23031293,360,kobetsu_gakkou.pdf,p.139-140
福岡小学校,学校教育系施設,福岡,1967,59,7386.14,28430357,602,kobetsu_gakkou.pdf,p.37-38
二川中学校,学校教育系施設,二川南,1968,58,7118.42,39576624,569,kobetsu_gakkou.pdf,p.141-142
高豊中学校,学校教育系施設,豊南,1962,64,7065.42,22624866,404,kobetsu_gakkou.pdf,p.145-146
中野小学校,学校教育系施設,中野,1984,42,7057.33,21317327,352,kobetsu_gakkou.pdf,p.39-40
豊城中学校,学校教育系施設,八町,1966,60,7012.51,137281877,357,kobetsu_gakkou.pdf,p.113-114
東田小学校,学校教育系施設,東田,1978,48,6967.28,19976120,425,kobetsu_gakkou.pdf,p.5-6
多米小学校,学校教育系施設,多米,1975,51,6954.13,24774043,664,kobetsu_gakkou.pdf,p.55-56
高師小学校,学校教育系施設,高師,1968,58,6946.03,25749016,736,kobetsu_gakkou.pdf,p.31-32
富士見小学校,学校教育系施設,富士見,1983,43,6692.93,20051101,293,kobetsu_gakkou.pdf,p.71-72
鷹丘小学校,学校教育系施設,鷹丘,1978,48,6628.23,24848002,736,kobetsu_gakkou.pdf,p.51-52
磯辺小学校,学校教育系施設,磯辺,1971,55,6555.04,54112038,560,kobetsu_gakkou.pdf,p.41-42
花田小学校,学校教育系施設,花田,1963,63,6485.63,71972492,443,kobetsu_gakkou.pdf,p.11-12
北部中学校,学校教育系施設,下地,1969,57,6466.72,21617165,352,kobetsu_gakkou.pdf,p.135-136
豊小学校,学校教育系施設,豊,1979,47,6460.73,78427367,361,kobetsu_gakkou.pdf,p.3-4
豊橋高等学校,学校教育系施設,東田,1970,56,6445.64,589456174,644,kobetsu_gakkou.pdf,p.149-150
羽根井小学校,学校教育系施設,羽根井,1979,47,6318.01,20002211,405,kobetsu_gakkou.pdf,p.17-18
東部環境センター,行政系施設,飯村,1980,46,6111.57,710913031,,kobetsu_gyousei.pdf,p.223-224
市民文化会館,文化・社会教育系施設,向山,1967,59,6071.84,32011956,33949,kobetsu_bunka_shakaikyouiku.pdf,p.147-148
向山小学校,学校教育系施設,向山,1956,70,5859.35,19562308,377,kobetsu_gakkou.pdf,p.73-74
