施設名,施設分類_大分類,施設分類_小分類,所管部課,所在地,小学校区,延べ床面積合計_m2,建築面積合計_m2,建築年度_最古棟,収入2024_円,支出2024_円,減価償却費2024_円,利用者数2024_人,市民1人当たりコスト2024_円,利用者1人当たりコスト2024_円,出典PDF,出典ページ
岩田校区市民館,文化・社会教育系施設,コミュニティ関連施設,市民協創部 市民協働推進課,愛知県豊橋市中岩田四丁目１番地の２,岩田,360.04,180.40,1981,10,4732947,2437082,20947,20,343,kobetsu_bunka_shakaikyouiku.pdf,p.1-2
豊校区市民館,文化・社会教育系施設,コミュニティ関連施設,市民協創部 市民協働推進課,愛知県豊橋市西岩田五丁目６番地の２,豊,360.59,195.17,1981,57730,3119586,2413025,11673,15,470,kobetsu_bunka_shakaikyouiku.pdf,p.3-4
東田校区市民館,文化・社会教育系施設,コミュニティ関連施設,市民協創部 市民協働推進課,愛知県豊橋市仁連木町１５番地,東田,360.00,199.08,1979,3420,3280730,2412192,20595,16,277,kobetsu_bunka_shakaikyouiku.pdf,p.5-6
松葉校区市民館,文化・社会教育系施設,コミュニティ関連施設,市民協創部 市民協働推進課,愛知県豊橋市大橋通三丁目１０７番地,松葉,458.50,241.90,1979,6510,2954067,2749456,10266,16,555,kobetsu_bunka_shakaikyouiku.pdf,p.7-8
下地校区市民館,文化・社会教育系施設,コミュニティ関連施設,市民協創部 市民協働推進課,愛知県豊橋市下地町字宮前６８番地,下地,360.59,195.17,1982,2070,3050776,2413025,17002,15,322,kobetsu_bunka_shakaikyouiku.pdf,p.9-10
大村校区市民館,文化・社会教育系施設,コミュニティ関連施設,市民協創部 市民協働推進課,愛知県豊橋市大村町字地之神７番地の４,大村,362.74,183.10,1981,0,2878989,2407739,9673,15,547,kobetsu_bunka_shakaikyouiku.pdf,p.11-12
津田校区市民館,文化・社会教育系施設,コミュニティ関連施設,市民協創部 市民協働推進課,愛知県豊橋市横須賀町宮前１０番地の２,津田,373.04,193.80,2009,19340,3861585,2490366,9026,18,702,kobetsu_bunka_shakaikyouiku.pdf,p.13-14
牟呂校区市民館,文化・社会教育系施設,コミュニティ関連施設,市民協創部 市民協働推進課,愛知県豊橋市牟呂中村町１番地の４,牟呂,363.29,197.87,1982,160,4279250,2413025,19293,19,347,kobetsu_bunka_shakaikyouiku.pdf,p.15-16
吉田方校区市民館,文化・社会教育系施設,コミュニティ関連施設,市民協創部 市民協働推進課,愛知県豊橋市吉川町１１８番地,吉田方,501.01,170.00,1982,6660,2911899,3278179,11128,17,556,kobetsu_bunka_shakaikyouiku.pdf,p.17-18
高師校区市民館,文化・社会教育系施設,コミュニティ関連施設,市民協創部 市民協働推進課,愛知県豊橋市上野町字上原９９番地の１０,高師,360.00,199.08,1980,1110,2809628,2412192,11676,15,448,kobetsu_bunka_shakaikyouiku.pdf,p.19-20
幸校区市民館,文化・社会教育系施設,コミュニティ関連施設,市民協創部 市民協働推進課,愛知県豊橋市西幸町字笠松１８４番地の１,幸,360.04,180.40,1981,40000,3146797,2484497,15225,16,368,kobetsu_bunka_shakaikyouiku.pdf,p.21-22
芦原校区市民館,文化・社会教育系施設,コミュニティ関連施設,市民協創部 市民協働推進課,愛知県豊橋市芦原町字嵩山地３６番地の４,芦原,360.00,199.08,1980,30,3998816,2430282,19606,18,328,kobetsu_bunka_shakaikyouiku.pdf,p.23-24
福岡校区市民館,文化・社会教育系施設,コミュニティ関連施設,市民協創部 市民協働推進課,愛知県豊橋市橋良町字東中山３番地の２,福岡,360.59,195.17,1981,20,4566066,2413025,24149,20,290,kobetsu_bunka_shakaikyouiku.pdf,p.25-26
磯辺校区市民館,文化・社会教育系施設,コミュニティ関連施設,市民協創部 市民協働推進課,愛知県豊橋市駒形町字丸山６０番地,磯辺,362.70,201.78,1979,0,2998886,2412192,6217,15,871,kobetsu_bunka_shakaikyouiku.pdf,p.27-28
大崎校区市民館,文化・社会教育系施設,コミュニティ関連施設,市民協創部 市民協働推進課,愛知県豊橋市大崎町字柿ノ木１６番地,大崎,384.70,223.78,1979,350,4225445,2566847,9937,19,684,kobetsu_bunka_shakaikyouiku.pdf,p.29-30
野依校区市民館,文化・社会教育系施設,コミュニティ関連施設,市民協創部 市民協働推進課,愛知県豊橋市野依町字諏訪１４９番地の１,野依,387.60,193.80,2013,17760,3693058,2581995,15459,18,405,kobetsu_bunka_shakaikyouiku.pdf,p.31-32
植田校区市民館,文化・社会教育系施設,コミュニティ関連施設,市民協創部 市民協働推進課,愛知県豊橋市植田町字池下６３番地の１,植田,362.70,201.78,1980,2520,3237466,2429027,14109,16,402,kobetsu_bunka_shakaikyouiku.pdf,p.33-34
牛川校区市民館,文化・社会教育系施設,コミュニティ関連施設,市民協創部 市民協働推進課,愛知県豊橋市牛川町字中郷１３番地の２８,牛川,360.00,199.08,1980,8630,3602661,2430282,47448,17,127,kobetsu_bunka_shakaikyouiku.pdf,p.35-36
鷹丘校区市民館,文化・社会教育系施設,コミュニティ関連施設,市民協創部 市民協働推進課,愛知県豊橋市西小鷹野三丁目７番地の１,鷹丘,360.00,199.08,1979,1110,2879690,2265557,8972,15,574,kobetsu_bunka_shakaikyouiku.pdf,p.37-38
下条校区市民館,文化・社会教育系施設,コミュニティ関連施設,市民協創部 市民協働推進課,愛知県豊橋市下条東町字西浦６１番地の３,下条,362.70,201.78,1979,60,3653217,2412192,29710,17,205,kobetsu_bunka_shakaikyouiku.pdf,p.39-40
多米校区市民館,文化・社会教育系施設,コミュニティ関連施設,市民協創部 市民協働推進課,愛知県豊橋市多米中町二丁目２７番地の１,多米,383.85,222.93,1979,2060,2925489,2560871,22477,15,244,kobetsu_bunka_shakaikyouiku.pdf,p.41-42
旭校区市民館,文化・社会教育系施設,コミュニティ関連施設,市民協創部 市民協働推進課,愛知県豊橋市旭町字旭５３５番地の２,旭,360.00,199.08,1979,43350,3071883,2412192,17667,15,308,kobetsu_bunka_shakaikyouiku.pdf,p.43-44
栄校区市民館,文化・社会教育系施設,コミュニティ関連施設,市民協創部 市民協働推進課,愛知県豊橋市北山町字東浦４６番地の１２,栄,360.59,195.17,1981,19130,3343078,2426773,17528,16,329,kobetsu_bunka_shakaikyouiku.pdf,p.45-46
天伯校区市民館,文化・社会教育系施設,コミュニティ関連施設,市民協創部 市民協働推進課,愛知県豊橋市天伯町字高田山１３７番地の１,天伯,363.29,197.87,1982,2220,3540422,2413025,19783,17,301,kobetsu_bunka_shakaikyouiku.pdf,p.47-48
大清水校区市民館,文化・社会教育系施設,コミュニティ関連施設,市民協創部 市民協働推進課,愛知県豊橋市南大清水町字元町７８番地,大清水,363.29,197.87,1982,0,3215667,2413025,23975,16,235,kobetsu_bunka_shakaikyouiku.pdf,p.49-50
向山校区市民館,文化・社会教育系施設,コミュニティ関連施設,市民協創部 市民協働推進課,愛知県豊橋市向山西町５番地の１,向山,360.59,195.17,1982,8340,2980562,2413025,16921,15,319,kobetsu_bunka_shakaikyouiku.pdf,p.51-52
前芝校区市民館,文化・社会教育系施設,コミュニティ関連施設,市民協創部 市民協働推進課,愛知県豊橋市前芝町字塩見５番地の１,前芝,562.60,283.10,2013,363430,9080252,4191019,13055,36,989,kobetsu_bunka_shakaikyouiku.pdf,p.53-54
西郷校区市民館,文化・社会教育系施設,コミュニティ関連施設,市民協創部 市民協働推進課,愛知県豊橋市石巻平野町字中野田１００番地の３,西郷,362.70,201.78,1980,0,3813257,2412192,21853,17,285,kobetsu_bunka_shakaikyouiku.pdf,p.55-56
玉川校区市民館,文化・社会教育系施設,コミュニティ関連施設,市民協創部 市民協働推進課,愛知県豊橋市石巻本町字野添１１番地の１（玉川小学校敷地内）,玉川,363.29,197.87,1982,1910,3618943,2413025,15778,17,383,kobetsu_bunka_shakaikyouiku.pdf,p.57-58
嵩山校区市民館,文化・社会教育系施設,コミュニティ関連施設,市民協創部 市民協働推進課,愛知県豊橋市嵩山町字宮下８３番地の１,嵩山,363.29,197.87,1981,1120,3649068,2413025,27443,17,221,kobetsu_bunka_shakaikyouiku.pdf,p.59-60
石巻校区市民館,文化・社会教育系施設,コミュニティ関連施設,市民協創部 市民協働推進課,愛知県豊橋市石巻町字西浦１６番地,石巻,362.70,201.78,1980,0,5549167,2412192,13354,22,597,kobetsu_bunka_shakaikyouiku.pdf,p.61-62
石巻校区市民館金田分館,文化・社会教育系施設,コミュニティ関連施設,市民協創部 市民協働推進課,愛知県豊橋市石巻町字藪下１番地の１,石巻,346.57,346.57,1993,24650,3830831,2181039,7506,17,798,kobetsu_bunka_shakaikyouiku.pdf,p.63-64
谷川校区市民館,文化・社会教育系施設,コミュニティ関連施設,市民協創部 市民協働推進課,愛知県豊橋市中原町字東ノ谷１番地の１１,谷川,362.70,201.78,1979,3010,3165382,2412192,19885,16,281,kobetsu_bunka_shakaikyouiku.pdf,p.65-66
小沢校区市民館,文化・社会教育系施設,コミュニティ関連施設,市民協創部 市民協働推進課,愛知県豊橋市小島町字荒巻８１番地の１,小沢,415.86,210.44,1980,14140,3327038,2948118,13479,18,465,kobetsu_bunka_shakaikyouiku.pdf,p.67-68
細谷校区市民館,文化・社会教育系施設,コミュニティ関連施設,市民協創部 市民協働推進課,愛知県豊橋市細谷町字中ノ島５４番地の１,細谷,363.29,197.87,1982,5770,2952651,2413025,8771,15,612,kobetsu_bunka_shakaikyouiku.pdf,p.69-70
二川校区市民館,文化・社会教育系施設,コミュニティ関連施設,市民協創部 市民協働推進課,愛知県豊橋市大岩町字東郷内４番地の８,二川,362.74,183.10,1981,490,3733428,2409538,17155,17,359,kobetsu_bunka_shakaikyouiku.pdf,p.71-72
豊南校区市民館,文化・社会教育系施設,コミュニティ関連施設,市民協創部 市民協働推進課,愛知県豊橋市西赤沢町字南ノ谷９９番地の９,豊南,362.70,201.78,1980,0,3004410,2412192,7802,15,695,kobetsu_bunka_shakaikyouiku.pdf,p.73-74
高根校区市民館,文化・社会教育系施設,コミュニティ関連施設,市民協創部 市民協働推進課,愛知県豊橋市西七根町字北浜辺１４７番地の１（高根小学校内）,高根,,,,0,2313616,3960328,7532,18,833,kobetsu_bunka_shakaikyouiku.pdf,p.75-76
老津校区市民館,文化・社会教育系施設,コミュニティ関連施設,市民協創部 市民協働推進課,愛知県豊橋市老津町字宮脇１５番地の１,老津,363.29,197.87,1981,4910,3755541,2448326,25758,17,241,kobetsu_bunka_shakaikyouiku.pdf,p.77-78
賀茂校区市民館,文化・社会教育系施設,コミュニティ関連施設,市民協創部 市民協働推進課,愛知県豊橋市賀茂町字宗末４１番地の１,賀茂,360.48,199.56,1980,6830,3803631,2396586,16811,17,369,kobetsu_bunka_shakaikyouiku.pdf,p.79-80
八町校区市民館,文化・社会教育系施設,コミュニティ関連施設,市民協創部 市民協働推進課,愛知県豊橋市八町通五丁目５番地（八町小学校内）,八町,,,,4210,2488639,2525217,17188,14,292,kobetsu_bunka_shakaikyouiku.pdf,p.81-82
花田校区市民館,文化・社会教育系施設,コミュニティ関連施設,市民協創部 市民協働推進課,愛知県豊橋市西羽田町２４７番地（花田小学校内）,花田,,,,6770,4710494,0,16463,13,286,kobetsu_bunka_shakaikyouiku.pdf,p.83-84
松山校区市民館,文化・社会教育系施設,コミュニティ関連施設,市民協創部 市民協働推進課,愛知県豊橋市西松山町４２番地（松山小学校内）,松山,,,,38700,3283523,2767467,18810,17,320,kobetsu_bunka_shakaikyouiku.pdf,p.85-86
新川校区市民館,文化・社会教育系施設,コミュニティ関連施設,市民協創部 市民協働推進課,愛知県豊橋市前田中町８番地の２２（新川小学校内）,新川,,,,15560,2747292,2131396,26371,14,185,kobetsu_bunka_shakaikyouiku.pdf,p.87-88
汐田校区市民館,文化・社会教育系施設,コミュニティ関連施設,市民協創部 市民協働推進課,愛知県豊橋市牟呂町字北汐田５０番地の１（汐田小学校内）,汐田,,,,3330,2677870,2799257,26575,15,206,kobetsu_bunka_shakaikyouiku.pdf,p.89-90
中野校区市民館,文化・社会教育系施設,コミュニティ関連施設,市民協創部 市民協働推進課,愛知県豊橋市橋良町字向山６１番地の２（中野小学校内）,中野,,,,1190,2518720,2137307,17932,13,260,kobetsu_bunka_shakaikyouiku.pdf,p.91-92
飯村校区市民館,文化・社会教育系施設,コミュニティ関連施設,市民協創部 市民協働推進課,愛知県豊橋市飯村南四丁目６番地の４（飯村小学校内）,飯村,,,,5510,2740366,3151233,12121,17,486,kobetsu_bunka_shakaikyouiku.pdf,p.93-94
つつじが丘校区市民館,文化・社会教育系施設,コミュニティ関連施設,市民協創部 市民協働推進課,愛知県豊橋市佐藤五丁目１６番地の１（つつじが丘小学校内）,つつじが丘,,,,28350,2735292,2252073,16276,14,305,kobetsu_bunka_shakaikyouiku.pdf,p.95-96
富士見校区市民館,文化・社会教育系施設,コミュニティ関連施設,市民協創部 市民協働推進課,愛知県豊橋市富士見台二丁目１番地の５（富士見小学校内）,富士見,,,,18130,3019709,2137307,33009,14,156,kobetsu_bunka_shakaikyouiku.pdf,p.97-98
二川南校区市民館,文化・社会教育系施設,コミュニティ関連施設,市民協創部 市民協働推進課,愛知県豊橋市大岩町字前荒田１４５番地の２（二川南小学校内）,二川南,,,,2040,2600381,0,20921,8,125,kobetsu_bunka_shakaikyouiku.pdf,p.99-100
豊岡生涯学習センター,文化・社会教育系施設,コミュニティ関連施設,教育委員会 生涯学習課,愛知県豊橋市西岩田四丁目２番地の９,豊,717.23,339.80,1974,1264185,10554911,0,23196,26,401,kobetsu_bunka_shakaikyouiku.pdf,p.101-102
豊城生涯学習センター,文化・社会教育系施設,コミュニティ関連施設,教育委員会 生涯学習課,愛知県豊橋市今橋町１６番地（豊橋公園内）,八町,872.76,482.02,1979,1264184,11065664,5769144,36255,43,430,kobetsu_bunka_shakaikyouiku.pdf,p.103-104
羽根井生涯学習センター,文化・社会教育系施設,コミュニティ関連施設,教育委員会 生涯学習課,愛知県豊橋市羽根井本町１３１番地,羽根井,968.57,224.25,1976,1264184,10066374,7304429,24223,44,665,kobetsu_bunka_shakaikyouiku.pdf,p.105-106
北部生涯学習センター,文化・社会教育系施設,コミュニティ関連施設,教育委員会 生涯学習課,愛知県豊橋市大村町字仲川原４８番地の５,大村,980.03,531.04,1978,1264184,11802804,3852946,24864,40,579,kobetsu_bunka_shakaikyouiku.pdf,p.107-108
牟呂生涯学習センター,文化・社会教育系施設,コミュニティ関連施設,教育委員会 生涯学習課,愛知県豊橋市東脇二丁目８番地の２３,牟呂,801.00,438.23,1977,1264184,10788800,462679,40884,28,245,kobetsu_bunka_shakaikyouiku.pdf,p.109-110
吉田方生涯学習センター,文化・社会教育系施設,コミュニティ関連施設,教育委員会 生涯学習課,愛知県豊橋市高洲町字高洲１２２番地の７,吉田方,955.64,554.89,1981,1264184,10994429,12986835,39415,62,577,kobetsu_bunka_shakaikyouiku.pdf,p.111-112
本郷生涯学習センター,文化・社会教育系施設,コミュニティ関連施設,教育委員会 生涯学習課,愛知県豊橋市浜道町字桜５０番地の７,高師,956.75,375.00,1988,1264184,13375777,6297244,36597,51,504,kobetsu_bunka_shakaikyouiku.pdf,p.113-114
高師台生涯学習センター,文化・社会教育系施設,コミュニティ関連施設,教育委員会 生涯学習課,愛知県豊橋市西幸町字浜池３３２番地の２,幸,754.42,407.94,1980,1264184,5315295,5049629,3374,25,2698,kobetsu_bunka_shakaikyouiku.pdf,p.115-116
南陽生涯学習センター,文化・社会教育系施設,コミュニティ関連施設,教育委員会 生涯学習課,愛知県豊橋市草間町字平東８９番地,中野,785.44,361.35,1986,1264184,12048455,5266599,24959,44,644,kobetsu_bunka_shakaikyouiku.pdf,p.117-118
青陵生涯学習センター,文化・社会教育系施設,コミュニティ関連施設,教育委員会 生涯学習課,愛知県豊橋市南牛川二丁目４番地の１（牛川遊歩公園内）,牛川,841.81,469.09,1975,1264184,12353792,1836697,119107,36,109,kobetsu_bunka_shakaikyouiku.pdf,p.119-120
東陵生涯学習センター,文化・社会教育系施設,コミュニティ関連施設,教育委員会 生涯学習課,愛知県豊橋市牛川町字乗小路３２番地の３１,鷹丘,759.68,759.68,1997,1264184,11332912,7282336,42085,48,413,kobetsu_bunka_shakaikyouiku.pdf,p.121-122
東陽生涯学習センター,文化・社会教育系施設,コミュニティ関連施設,教育委員会 生涯学習課,愛知県豊橋市多米中町一丁目６番地の１（多米公園内）,多米,876.25,387.14,1983,1264184,10128331,5799582,24631,40,596,kobetsu_bunka_shakaikyouiku.pdf,p.123-124
東部生涯学習センター,文化・社会教育系施設,コミュニティ関連施設,教育委員会 生涯学習課,愛知県豊橋市岩屋町字岩屋下６６番地の１,岩西,750.54,404.59,1982,1264184,10533907,5081805,22482,40,639,kobetsu_bunka_shakaikyouiku.pdf,p.125-126
東部生涯学習センター飯村分館,文化・社会教育系施設,コミュニティ関連施設,教育委員会 生涯学習課,愛知県豊橋市飯村南四丁目６番地の３,飯村,1317.64,668.81,1994,1264184,12441407,8784812,53535,55,373,kobetsu_bunka_shakaikyouiku.pdf,p.127-128
南部生涯学習センター,文化・社会教育系施設,コミュニティ関連施設,教育委員会 生涯学習課,愛知県豊橋市北山町９５番地の１（中山田池公園内）,栄,1010.30,426.35,1979,1264184,11449645,7355351,76787,48,229,kobetsu_bunka_shakaikyouiku.pdf,p.129-130
南稜生涯学習センター,文化・社会教育系施設,コミュニティ関連施設,教育委員会 生涯学習課,愛知県豊橋市大清水町字彦坂１０番地の７,大清水,2306.44,1492.02,2014,1264184,12978535,9264412,73174,58,287,kobetsu_bunka_shakaikyouiku.pdf,p.131-132
石巻生涯学習センター,文化・社会教育系施設,コミュニティ関連施設,教育委員会 生涯学習課,愛知県豊橋市石巻本町字市場１１０番地,玉川,1057.66,561.87,1976,1264184,11565868,1853977,52894,34,230,kobetsu_bunka_shakaikyouiku.pdf,p.133-134
五並生涯学習センター,文化・社会教育系施設,コミュニティ関連施設,教育委員会 生涯学習課,愛知県豊橋市細谷町字上大附９８番地の９,細谷,463.82,255.63,1977,1264184,10009071,0,9239,24,947,kobetsu_bunka_shakaikyouiku.pdf,p.135-136
二川生涯学習センター,文化・社会教育系施設,コミュニティ関連施設,教育委員会 生涯学習課,愛知県豊橋市大岩町字東郷内１１１番地の１,二川,1104.71,408.40,1973,1264184,15149313,926371,83676,41,178,kobetsu_bunka_shakaikyouiku.pdf,p.137-138
高豊生涯学習センター,文化・社会教育系施設,コミュニティ関連施設,教育委員会 生涯学習課,愛知県豊橋市伊古部町字多岸田３０２番地,豊南,507.46,293.67,1978,1264184,9509488,1549938,17821,27,550,kobetsu_bunka_shakaikyouiku.pdf,p.139-140
杉山生涯学習センター,文化・社会教育系施設,コミュニティ関連施設,教育委員会 生涯学習課,愛知県豊橋市杉山町字孝仁１１番地,杉山,498.84,280.14,1975,1264184,9553057,7200512,15630,43,992,kobetsu_bunka_shakaikyouiku.pdf,p.141-142
中部生涯学習センター,文化・社会教育系施設,コミュニティ関連施設,教育委員会 生涯学習課,愛知県豊橋市東松山町２３番地（中消防署６階）,松山,,,,1264184,10280692,5589254,25966,40,563,kobetsu_bunka_shakaikyouiku.pdf,p.143-144
公会堂,文化・社会教育系施設,文化施設,文化・スポーツ部 文化課,愛知県豊橋市八町通二丁目２２番地,八町,2951.27,1280.69,1931,0,64598105,2119319,67381,182,991,kobetsu_bunka_shakaikyouiku.pdf,p.145-146
市民文化会館,文化・社会教育系施設,文化施設,文化・スポーツ部 文化課,愛知県豊橋市向山大池町２０番地の１（向山緑地内）,向山,6071.84,3261.51,1967,25927,32011956,980839,33949,90,972,kobetsu_bunka_shakaikyouiku.pdf,p.147-148
アイプラザ豊橋,文化・社会教育系施設,文化施設,文化・スポーツ部 文化課,愛知県豊橋市草間町字東山１４３番地の６,磯辺,13298.84,7043.42,1976,31412,93993669,845063,221535,259,428,kobetsu_bunka_shakaikyouiku.pdf,p.149-150
ライフポートとよはし（コンサートホール及び中ホール）,文化・社会教育系施設,文化施設,文化・スポーツ部 文化課,愛知県豊橋市神野ふ頭町３番地２２,牟呂,11046.95,7879.59,1993,12145,76011813,49273877,77854,342,1610,kobetsu_bunka_shakaikyouiku.pdf,p.151-152
穂の国とよはし芸術劇場,文化・社会教育系施設,文化施設,文化・スポーツ部 文化課,愛知県豊橋市西小田原町１２３番地,松山,8036.59,4221.68,2013,2124,139766148,69364389,181542,570,1152,kobetsu_bunka_shakaikyouiku.pdf,p.153-154
西川芸能練習場,文化・社会教育系施設,文化施設,文化・スポーツ部 文化課,愛知県豊橋市石巻西川町字安川下１番地の１７,西郷,300.00,300.00,1985,0,1406793,0,6744,4,209,kobetsu_bunka_shakaikyouiku.pdf,p.155-156
三の丸会館,文化・社会教育系施設,文化施設,文化・スポーツ部 文化課,愛知県豊橋市今橋町３番地の１（豊橋公園内）,八町,401.11,401.11,1985,0,16362935,3076956,31637,53,615,kobetsu_bunka_shakaikyouiku.pdf,p.157-158
中央図書館,文化・社会教育系施設,図書館,文化・スポーツ部 図書館,愛知県豊橋市羽根井町４８番地,羽根井,5777.24,2434.22,1982,844097,342790053,37660349,242453,1034,1566,kobetsu_bunka_shakaikyouiku.pdf,p.159-160
向山図書館,文化・社会教育系施設,図書館,文化・スポーツ部 図書館,愛知県豊橋市向山大池町２０番地１（市民文化会館内）,向山,,,,2700,73374349,0,74550,200,985,kobetsu_bunka_shakaikyouiku.pdf,p.161-162
大清水図書館,文化・社会教育系施設,図書館,文化・スポーツ部 図書館,愛知県豊橋市大清水町字彦坂１０番地７（大清水まなび交流館ミナクル内）,大清水,,,,3670,70610418,7783639,213317,214,368,kobetsu_bunka_shakaikyouiku.pdf,p.163-164
まちなか図書館,文化・社会教育系施設,図書館,文化・スポーツ部 図書館,愛知県豊橋市駅前大通二丁目８１番地（emCAMPUS EAST ２階・３階）,松山,3978.24,3978.24,2021,1258740,273071437,47039925,638049,869,500,kobetsu_bunka_shakaikyouiku.pdf,p.165-166
総合動植物公園,文化・社会教育系施設,博物館等,総合動植物公園 動植物園,愛知県豊橋市大岩町字大穴１番地の２３８,二川南,19539.25,17746.43,1990,1929693985,1929693985,304362006,971290,830,314,kobetsu_bunka_shakaikyouiku.pdf,p.167-168
自然史博物館,文化・社会教育系施設,博物館等,総合動植物公園 自然史博物館,愛知県豊橋市大岩町字大穴１番地の２３８（総合動植物公園内）,二川南,6983.52,6054.39,1987,28852421,208262964,50924278,678288,628,340,kobetsu_bunka_shakaikyouiku.pdf,p.169-170
石巻自然科学資料館,文化・社会教育系施設,博物館等,総合動植物公園 自然史博物館,愛知県豊橋市石巻町字南山９３番地の２,石巻,154.02,154.02,1967,0,498453,0,4360,2,115,kobetsu_bunka_shakaikyouiku.pdf,p.171-172
美術博物館,文化・社会教育系施設,博物館等,教育委員会 美術博物館,愛知県豊橋市今橋町３番地の１（豊橋公園内）,八町,5408.64,4007.37,1978,45396728,150237769,102105963,138791,564,1492,kobetsu_bunka_shakaikyouiku.pdf,p.173-174
民俗資料収蔵室,文化・社会教育系施設,博物館等,教育委員会 美術博物館,愛知県豊橋市多米町字滝ノ谷３４番地の１の１,多米,1053.10,1053.10,1944,0,1597976,188613,3518,5,508,kobetsu_bunka_shakaikyouiku.pdf,p.175-176
二川宿本陣資料館,文化・社会教育系施設,博物館等,教育委員会 美術博物館,愛知県豊橋市二川町字中町６５番地,二川,2567.24,1994.29,1990,4263588,63598984,13173894,18976,198,3822,kobetsu_bunka_shakaikyouiku.pdf,p.177-178
商家「駒屋」,文化・社会教育系施設,博物館等,教育委員会 美術博物館,愛知県豊橋市二川町字新橋町２１番地,二川,677.09,527.05,2013,435850,21827748,9555974,82125,85,377,kobetsu_bunka_shakaikyouiku.pdf,p.179-180
文化財センター,文化・社会教育系施設,博物館等,教育委員会 美術博物館,愛知県豊橋市松葉町三丁目１番地,松葉,1447.58,724.99,1975,1705271,62327274,8036837,,188,,kobetsu_bunka_shakaikyouiku.pdf,p.181-182
視聴覚教育センター,文化・社会教育系施設,博物館等,教育委員会 科学教育センター,愛知県豊橋市大岩町字火打坂１９番地の１６（岩屋緑地内）,二川,3293.27,1706.54,1974,6037140,81129779,27326475,105052,279,975,kobetsu_bunka_shakaikyouiku.pdf,p.183-184
地下資源館,文化・社会教育系施設,博物館等,教育委員会 科学教育センター,愛知県豊橋市大岩町字火打坂１９番地の１６（岩屋緑地内）,二川,2007.97,1094.73,1980,33306,15610666,13366178,105052,79,276,kobetsu_bunka_shakaikyouiku.pdf,p.185-186
男女共同参画センター,文化・社会教育系施設,その他施設,市民協創部 市民協働推進課,愛知県豊橋市神野ふ頭町３番地２２（ライフポートとよはし内）,牟呂,,,,6415,46707811,18114410,37018,177,1751,kobetsu_bunka_shakaikyouiku.pdf,p.187-188
市民センター,文化・社会教育系施設,その他施設,市民協創部 市民協働推進課,愛知県豊橋市松葉町二丁目６３番地,松葉,1998.35,342.69,1991,0,30942675,25213993,111489,153,504,kobetsu_bunka_shakaikyouiku.pdf,p.189-190
国際交流拠点,文化・社会教育系施設,その他施設,市民協創部 多文化共生・国際課,愛知県豊橋市駅前大通二丁目８１番地（emCAMPUS EAST 2F）,松山,151.97,151.97,2021,0,63758624,1475241,21997,178,2966,kobetsu_bunka_shakaikyouiku.pdf,p.191-192
青少年センター,文化・社会教育系施設,その他施設,教育委員会 生涯学習課,愛知県豊橋市牟呂町字東里２６番地,汐田,3870.18,1480.87,1970,2299290,43200847,12109130,58807,145,902,kobetsu_bunka_shakaikyouiku.pdf,p.193-194
岩田小学校,学校教育系施設,学校施設,教育委員会 教育政策課,愛知県豊橋市中岩田四丁目１番地の２,岩田,8800.56,3847.92,1966,3000,30481622,23629018,817,148,66228,kobetsu_gakkou.pdf,p.1-2
豊小学校,学校教育系施設,学校施設,教育委員会 教育政策課,愛知県豊橋市西岩田五丁目６番地の１,豊,6460.73,2804.78,1979,132208,78427367,38677250,361,319,324024,kobetsu_gakkou.pdf,p.3-4
東田小学校,学校教育系施設,学校施設,教育委員会 教育政策課,愛知県豊橋市仁連木町１５番地,東田,6967.28,3250.14,1978,9000,19976120,66439448,425,236,203310,kobetsu_gakkou.pdf,p.5-6
八町小学校,学校教育系施設,学校施設,教育委員会 教育政策課,愛知県豊橋市八町通五丁目５番地,八町,5194.43,3038.57,1986,1500,19990160,43435405,304,173,208632,kobetsu_gakkou.pdf,p.7-8
松葉小学校,学校教育系施設,学校施設,教育委員会 教育政策課,愛知県豊橋市大橋通三丁目１０７番地,松葉,5523.92,2759.50,1970,38790,20099934,34722902,448,150,122286,kobetsu_gakkou.pdf,p.9-10
花田小学校,学校教育系施設,学校施設,教育委員会 教育政策課,愛知県豊橋市西羽田町２４７番地,花田,6485.63,3154.29,1963,58298,71972492,20188276,443,251,207907,kobetsu_gakkou.pdf,p.11-12
松山小学校,学校教育系施設,学校施設,教育委員会 教育政策課,愛知県豊橋市西松山町４２番地,松山,6035.81,1625.31,1991,104798,18421705,41543333,282,164,212271,kobetsu_gakkou.pdf,p.13-14
新川小学校,学校教育系施設,学校施設,教育委員会 教育政策課,愛知県豊橋市前田中町８番地の２３,新川,6314.94,2889.37,1999,0,21230240,39800562,242,167,252194,kobetsu_gakkou.pdf,p.15-16
羽根井小学校,学校教育系施設,学校施設,教育委員会 教育政策課,愛知県豊橋市羽根井本町１３１番地,羽根井,6318.01,2856.68,1979,3702,20002211,49679961,405,190,172046,kobetsu_gakkou.pdf,p.17-18
下地小学校,学校教育系施設,学校施設,教育委員会 教育政策課,愛知県豊橋市下地町字宮前６８番地,下地,5037.58,2319.25,1974,3000,19513803,15093695,304,95,113831,kobetsu_gakkou.pdf,p.19-20
大村小学校,学校教育系施設,学校施設,教育委員会 教育政策課,愛知県豊橋市大村町字地之神９番地,大村,3635.01,1723.58,1978,121965,17661842,32730073,141,137,356525,kobetsu_gakkou.pdf,p.21-22
津田小学校,学校教育系施設,学校施設,教育委員会 教育政策課,愛知県豊橋市横須賀町宮元３番地の１,津田,3312.57,2964.43,1962,116000,18717816,23690786,139,116,304264,kobetsu_gakkou.pdf,p.23-24
牟呂小学校,学校教育系施設,学校施設,教育委員会 教育政策課,愛知県豊橋市牟呂中村町１番地の４,牟呂,7562.96,3255.69,1970,10500,23556960,33600330,651,156,87784,kobetsu_gakkou.pdf,p.25-26
汐田小学校,学校教育系施設,学校施設,教育委員会 教育政策課,愛知県豊橋市牟呂町字北汐田５０番地の１,汐田,7802.89,3919.48,1989,7039,24714201,56288036,580,221,139647,kobetsu_gakkou.pdf,p.27-28
吉田方小学校,学校教育系施設,学校施設,教育委員会 教育政策課,愛知県豊橋市吉川町１１８番地,吉田方,7947.87,3576.14,1964,13500,29662388,42031611,727,196,98598,kobetsu_gakkou.pdf,p.29-30
高師小学校,学校教育系施設,学校施設,教育委員会 教育政策課,愛知県豊橋市上野町字上原１００番地,高師,6946.03,3199.37,1968,22533,25749016,12616294,736,105,52097,kobetsu_gakkou.pdf,p.31-32
幸小学校,学校教育系施設,学校施設,教育委員会 教育政策課,愛知県豊橋市西幸町字笠松１８３番地,幸,8115.28,3381.00,1976,4500,32419779,80788070,888,309,127482,kobetsu_gakkou.pdf,p.33-34
芦原小学校,学校教育系施設,学校施設,教育委員会 教育政策課,愛知県豊橋市芦原町字嵩山地４２番地の１,芦原,5591.70,2619.96,1980,3000,21946736,53841732,400,207,189464,kobetsu_gakkou.pdf,p.35-36
福岡小学校,学校教育系施設,学校施設,教育委員会 教育政策課,愛知県豊橋市橋良町字平野１番地の１,福岡,7386.14,4041.70,1967,19425,28430357,9279683,602,103,62609,kobetsu_gakkou.pdf,p.37-38
中野小学校,学校教育系施設,学校施設,教育委員会 教育政策課,愛知県豊橋市橋良町字向山６番地の４,中野,7057.33,2975.57,1984,6000,21317327,47728406,352,189,196136,kobetsu_gakkou.pdf,p.39-40
磯辺小学校,学校教育系施設,学校施設,教育委員会 教育政策課,愛知県豊橋市駒形町字丸山６１番地,磯辺,6555.04,2719.62,1971,164689,54112038,13301050,560,184,120087,kobetsu_gakkou.pdf,p.41-42
大崎小学校,学校教育系施設,学校施設,教育委員会 教育政策課,愛知県豊橋市大崎町字西里中２０番地の１,大崎,3756.89,1442.32,1969,97500,17158359,28140181,146,124,309597,kobetsu_gakkou.pdf,p.43-44
野依小学校,学校教育系施設,学校施設,教育委員会 教育政策課,愛知県豊橋市野依町字諏訪１２５番地,野依,5633.82,2407.27,1992,90000,19435663,45585266,346,177,187662,kobetsu_gakkou.pdf,p.45-46
植田小学校,学校教育系施設,学校施設,教育委員会 教育政策課,愛知県豊橋市植田町字池堀田１５番地,植田,5158.34,2756.66,1962,10500,19246482,16913759,270,99,133888,kobetsu_gakkou.pdf,p.47-48
牛川小学校,学校教育系施設,学校施設,教育委員会 教育政策課,愛知県豊橋市牛川町字中郷６番地の１,牛川,5643.65,2518.54,1968,34500,23381229,11510304,610,95,57143,kobetsu_gakkou.pdf,p.49-50
鷹丘小学校,学校教育系施設,学校施設,教育委員会 教育政策課,愛知県豊橋市西小鷹野三丁目７番地の１,鷹丘,6628.23,2844.12,1978,0,24848002,48399158,736,200,99521,kobetsu_gakkou.pdf,p.51-52
下条小学校,学校教育系施設,学校施設,教育委員会 教育政策課,愛知県豊橋市下条東町字西浦４１番地,下条,3132.39,1546.75,1973,95500,15662401,14800537,67,83,453246,kobetsu_gakkou.pdf,p.53-54
多米小学校,学校教育系施設,学校施設,教育委員会 教育政策課,愛知県豊橋市多米中町二丁目２７番地の１,多米,6954.13,2881.01,1975,56407,24774043,33134085,664,158,87127,kobetsu_gakkou.pdf,p.55-56
岩西小学校,学校教育系施設,学校施設,教育委員会 教育政策課,愛知県豊橋市西口町字西ノ口２５番地の４,岩西,7694.56,3286.82,1970,93000,22534351,54808399,521,211,148273,kobetsu_gakkou.pdf,p.57-58
飯村小学校,学校教育系施設,学校施設,教育委員会 教育政策課,愛知県豊橋市飯村南四丁目６番地の４,飯村,7793.96,3335.86,1982,7625,27481114,76192939,638,283,162487,kobetsu_gakkou.pdf,p.59-60
つつじが丘小学校,学校教育系施設,学校施設,教育委員会 教育政策課,愛知県豊橋市佐藤五丁目１６番地の１,つつじが丘,7818.37,2746.95,1994,33993,22384859,55040518,546,211,141743,kobetsu_gakkou.pdf,p.61-62
旭小学校,学校教育系施設,学校施設,教育委員会 教育政策課,愛知県豊橋市旭町字旭４０９番地,旭,4490.14,2014.44,1963,99000,18531504,7653219,184,72,141771,kobetsu_gakkou.pdf,p.63-64
栄小学校,学校教育系施設,学校施設,教育委員会 教育政策課,愛知県豊橋市北山町字東浦４６番地の４,栄,8210.05,3726.30,1968,57015,40190044,17835107,678,158,85499,kobetsu_gakkou.pdf,p.65-66
天伯小学校,学校教育系施設,学校施設,教育委員会 教育政策課,愛知県豊橋市天伯町字高田山１３６番地の１,天伯,3696.80,2057.71,1973,96267,16815474,33487279,222,137,226156,kobetsu_gakkou.pdf,p.67-68
大清水小学校,学校教育系施設,学校施設,教育委員会 教育政策課,愛知県豊橋市南大清水町字元町７８番地,大清水,5059.44,2156.63,1974,0,18203461,36724369,252,150,217968,kobetsu_gakkou.pdf,p.69-70
富士見小学校,学校教育系施設,学校施設,教育委員会 教育政策課,愛知県豊橋市富士見台二丁目１番地の５,富士見,6692.93,2947.80,1983,0,20051101,48953600,293,188,235511,kobetsu_gakkou.pdf,p.71-72
向山小学校,学校教育系施設,学校施設,教育委員会 教育政策課,愛知県豊橋市向山西町５番地の１,向山,5859.35,2871.13,1956,1500,19562308,30336393,377,136,132354,kobetsu_gakkou.pdf,p.73-74
前芝小学校,学校教育系施設,学校施設,教育委員会 教育政策課,愛知県豊橋市前芝町字西堤30番地,前芝,4306.63,2162.20,1970,3000,17891031,20129426,181,104,210042,kobetsu_gakkou.pdf,p.75-76
西郷小学校,学校教育系施設,学校施設,教育委員会 教育政策課,愛知県豊橋市石巻萩平町字城脇１６４番地の２,西郷,3647.35,2135.64,1972,115000,16918696,24821760,100,114,416255,kobetsu_gakkou.pdf,p.77-78
玉川小学校,学校教育系施設,学校施設,教育委員会 教育政策課,愛知県豊橋市石巻本町字野添１０番地,玉川,4250.60,2155.98,1972,4500,21698033,25933480,208,130,228977,kobetsu_gakkou.pdf,p.79-80
嵩山小学校,学校教育系施設,学校施設,教育委員会 教育政策課,愛知県豊橋市嵩山町字宮下７８番地の１,嵩山,3089.06,1590.45,1975,12000,16043231,18774183,73,95,476787,kobetsu_gakkou.pdf,p.81-82
石巻小学校,学校教育系施設,学校施設,教育委員会 教育政策課,愛知県豊橋市石巻町字西浦１６番地,石巻,4795.59,2581.06,1966,102000,18480203,12923991,149,86,210082,kobetsu_gakkou.pdf,p.83-84
谷川小学校,学校教育系施設,学校施設,教育委員会 教育政策課,愛知県豊橋市中原町字東ノ谷１番地の３,谷川,2785.29,2062.64,1964,19500,16256476,24240311,111,111,364661,kobetsu_gakkou.pdf,p.85-86
小沢小学校,学校教育系施設,学校施設,教育委員会 教育政策課,愛知県豊橋市小島町字荒巻８１番地の１,小沢,2993.12,1544.73,1970,95500,16549539,10811470,83,75,328501,kobetsu_gakkou.pdf,p.87-88
細谷小学校,学校教育系施設,学校施設,教育委員会 教育政策課,愛知県豊橋市細谷町字中ノ島４７番地の１,細谷,3337.47,1838.31,1973,96500,16038818,22050316,80,104,474908,kobetsu_gakkou.pdf,p.89-90
二川小学校,学校教育系施設,学校施設,教育委員会 教育政策課,愛知県豊橋市二川町字北裏８０番地,二川,8081.49,3986.38,1967,580136,31618035,20693134,426,141,121435,kobetsu_gakkou.pdf,p.91-92
二川南小学校,学校教育系施設,学校施設,教育委員会 教育政策課,愛知県豊橋市大岩町字前荒田１４５番地の２,二川南,7572.54,3230.46,1987,90000,24836364,62602312,591,238,147799,kobetsu_gakkou.pdf,p.93-94
豊南小学校,学校教育系施設,学校施設,教育委員会 教育政策課,愛知県豊橋市東赤沢町字西横根１３０番地,豊南,3162.23,1926.76,1962,16500,16125464,25088825,126,113,326967,kobetsu_gakkou.pdf,p.95-96
高根小学校,学校教育系施設,学校施設,教育委員会 教育政策課,愛知県豊橋市西七根町字北浜辺１４７番地の１,高根,5681.51,3443.46,1984,89500,18629762,72093693,192,247,472052,kobetsu_gakkou.pdf,p.97-98
老津小学校,学校教育系施設,学校施設,教育委員会 教育政策課,愛知県豊橋市老津町字宮脇１５番地の４,老津,3588.09,2163.86,1964,95000,19804243,8882764,178,78,160630,kobetsu_gakkou.pdf,p.99-100
杉山小学校,学校教育系施設,学校施設,教育委員会 教育政策課,愛知県豊橋市杉山町字御園９番地の４,杉山,3926.27,2108.41,1961,710550,19008031,17251878,174,97,204307,kobetsu_gakkou.pdf,p.101-102
賀茂小学校,学校教育系施設,学校施設,教育委員会 教育政策課,愛知県豊橋市賀茂町字森信２４番地,賀茂,2801.30,1474.06,1975,12453,15531705,20915807,63,100,578335,kobetsu_gakkou.pdf,p.103-104
豊岡中学校,学校教育系施設,学校施設,教育委員会 教育政策課,愛知県豊橋市中岩田一丁目５番地の２,岩田,7914.71,4058.76,1969,6000,27728171,25707596,513,146,104152,kobetsu_gakkou.pdf,p.105-106
東部中学校,学校教育系施設,学校施設,教育委員会 教育政策課,愛知県豊橋市飯村北四丁目１番地の２,飯村,9410.97,2987.47,1981,150380,102064938,61515466,756,446,216178,kobetsu_gakkou.pdf,p.107-108
東陽中学校,学校教育系施設,学校施設,教育委員会 教育政策課,愛知県豊橋市岩崎町字野田１番地の２,多米,8392.55,2618.27,1987,5690,28117051,54686292,541,226,153046,kobetsu_gakkou.pdf,p.109-110
中部中学校,学校教育系施設,学校施設,教育委員会 教育政策課,愛知県豊橋市舟原町１５４番地,新川,8797.87,4158.46,1960,118906,26288902,29873069,620,153,90393,kobetsu_gakkou.pdf,p.111-112
豊城中学校,学校教育系施設,学校施設,教育委員会 教育政策課,愛知県豊橋市今橋町２番地の１,八町,7012.51,3925.54,1966,0,137281877,34751657,357,469,481887,kobetsu_gakkou.pdf,p.113-114
青陵中学校,学校教育系施設,学校施設,教育委員会 教育政策課,愛知県豊橋市牛川町字洗島１０８番地の１,牛川,9957.62,5329.18,1960,153320,37476231,52917923,635,246,142112,kobetsu_gakkou.pdf,p.115-116
東陵中学校,学校教育系施設,学校施設,教育委員会 教育政策課,愛知県豊橋市牛川町字乗小路３２番地の３５,鷹丘,7971.68,3937.60,1996,149695,24106006,55607939,371,217,214459,kobetsu_gakkou.pdf,p.117-118
羽田中学校,学校教育系施設,学校施設,教育委員会 教育政策課,愛知県豊橋市西羽田町４３番地の１,花田,7898.64,4066.73,1961,134500,25158039,43862470,431,188,159829,kobetsu_gakkou.pdf,p.119-120
牟呂中学校,学校教育系施設,学校施設,教育委員会 教育政策課,愛知県豊橋市神野新田町字イノ割１番地の３,牟呂,7506.85,4119.73,1970,143500,27153690,30769089,600,158,96299,kobetsu_gakkou.pdf,p.121-122
吉田方中学校,学校教育系施設,学校施設,教育委員会 教育政策課,愛知県豊橋市高洲町字長弦７３番地の１,吉田方,8638.58,3913.35,2007,1500,23548961,55171646,433,215,181800,kobetsu_gakkou.pdf,p.123-124
南部中学校,学校教育系施設,学校施設,教育委員会 教育政策課,愛知県豊橋市北山町字東浦１番地の４,栄,10345.05,5851.60,1962,148500,77279266,39266775,656,318,177436,kobetsu_gakkou.pdf,p.125-126
高師台中学校,学校教育系施設,学校施設,教育委員会 教育政策課,愛知県豊橋市西幸町字浜池３２８番地,幸,10015.04,4457.46,1973,148190,26057257,25546343,584,141,88109,kobetsu_gakkou.pdf,p.127-128
南陽中学校,学校教育系施設,学校施設,教育委員会 教育政策課,愛知県豊橋市駒形町字南欠下１番地の１,磯辺,8895.57,2828.82,1984,1500,23830183,69427802,481,255,193881,kobetsu_gakkou.pdf,p.129-130
本郷中学校,学校教育系施設,学校施設,教育委員会 教育政策課,愛知県豊橋市高師本郷町字竹ノ内９０番地の１,高師,8907.63,2755.64,1985,136000,26043008,90052008,572,316,202726,kobetsu_gakkou.pdf,p.131-132
南稜中学校,学校教育系施設,学校施設,教育委員会 教育政策課,愛知県豊橋市植田町字的場５０番地,植田,9317.14,5279.71,1976,170303,28859529,49498610,613,213,127550,kobetsu_gakkou.pdf,p.133-134
北部中学校,学校教育系施設,学校施設,教育委員会 教育政策課,愛知県豊橋市下地町字長池１番地,下地,6466.72,3326.06,1969,141500,21617165,18861421,352,110,114594,kobetsu_gakkou.pdf,p.135-136
前芝中学校,学校教育系施設,学校施設,教育委員会 教育政策課,愛知県豊橋市前芝町字塩見１番地,前芝,4310.88,2627.72,1969,19500,17345276,24303482,107,114,389059,kobetsu_gakkou.pdf,p.137-138
石巻中学校,学校教育系施設,学校施設,教育委員会 教育政策課,愛知県豊橋市石巻本町字出口１番地,玉川,7404.87,3608.78,1966,17114,23031293,46346936,360,189,192670,kobetsu_gakkou.pdf,p.139-140
二川中学校,学校教育系施設,学校施設,教育委員会 教育政策課,愛知県豊橋市二川町字西向山４１番地の１０,二川南,7118.42,3982.20,1968,43500,39576624,22815604,569,170,109576,kobetsu_gakkou.pdf,p.141-142
五並中学校,学校教育系施設,学校施設,教育委員会 教育政策課,愛知県豊橋市細谷町字北芋ヶ谷３０番地の４４,細谷,4601.20,3187.18,1962,18530,18612371,19362650,101,104,375807,kobetsu_gakkou.pdf,p.143-144
高豊中学校,学校教育系施設,学校施設,教育委員会 教育政策課,愛知県豊橋市伊古部町字原２４番地の１,豊南,7065.42,3553.24,1962,146990,22624866,43404296,404,180,163075,kobetsu_gakkou.pdf,p.145-146
章南中学校,学校教育系施設,学校施設,教育委員会 教育政策課,愛知県豊橋市老津町字宮脇１５番地の２,老津,5533.69,3337.91,1961,4500,24905781,27167635,243,142,214276,kobetsu_gakkou.pdf,p.147-148
豊橋高等学校,学校教育系施設,学校施設,教育委員会 教育政策課,愛知県豊橋市東郷町４３番地の１,東田,6445.64,1422.73,1970,17455125,589456174,1237555,644,1562,890123,kobetsu_gakkou.pdf,p.149-150
家政高等専修学校,学校教育系施設,学校施設,教育委員会 教育政策課,愛知県豊橋市老津町字西高縄７８番地,老津,3532.92,1665.76,1979,6255374,12305952,36745896,100,117,427965,kobetsu_gakkou.pdf,p.151-152
くすのき特別支援学校,学校教育系施設,学校施設,教育委員会 教育政策課,愛知県豊橋市野依町字上ノ山3番地の2,野依,10487.50,4356.54,2014,25346384,130641987,65799546,305,467,560968,kobetsu_gakkou.pdf,p.153-154
少年自然の家,学校教育系施設,野外教育施設,教育委員会 生涯学習課,愛知県豊橋市伊古部町字下り２５番地の４１,豊南,1893.81,1548.45,1972,322508,25362539,618551,4625,70,5548,kobetsu_gakkou.pdf,p.155-156
野外教育センター,学校教育系施設,野外教育施設,教育委員会 生涯学習課,愛知県豊橋市伊古部町字枇杷ヶ谷５７番地の１２,豊南,2274.01,1782.01,1969,1066254,32374324,1234663,9237,89,3524,kobetsu_gakkou.pdf,p.157-158
教育会館,学校教育系施設,その他施設,教育委員会 学校教育課,愛知県豊橋市神野ふ頭町３番地２２（ライフポートとよはし内）,牟呂,,,,5896,178549036,22256731,20242,547,9920,kobetsu_gakkou.pdf,p.159-160
南部学校給食センター,学校教育系施設,その他施設,教育委員会 保健給食課,愛知県豊橋市橋良町字向山４番地の４１,福岡,3101.39,2299.16,2001,291294,235263752,38733023,1296256,746,212,kobetsu_gakkou.pdf,p.161-162
東部学校給食センター,学校教育系施設,その他施設,教育委員会 保健給食課,愛知県豊橋市西口町字西ノ口２５番地の１３,岩西,2573.34,2573.34,1982,260792,219249241,2468405,742462,604,299,kobetsu_gakkou.pdf,p.163-164
北部学校給食センター,学校教育系施設,その他施設,教育委員会 保健給食課,愛知県豊橋市石巻本町字枇杷２１番地の５,玉川,3690.13,2413.65,2009,9000,448622139,32800926,1679541,1312,287,kobetsu_gakkou.pdf,p.165-166
曙学校給食センター,学校教育系施設,その他施設,教育委員会 保健給食課,愛知県豊橋市曙町字南松原１６２番地の１,幸,6118.38,4467.63,2021,35832,564309438,169027905,1981386,1998,371,kobetsu_gakkou.pdf,p.167-168
市役所,行政系施設,庁舎施設,財務部 資産経営課,愛知県豊橋市今橋町１番地,八町,60220.88,7525.28,1978,19567660,9348318377,503715296,,26782,,kobetsu_gyousei.pdf,p.1-2
東部窓口センター,行政系施設,庁舎施設,市民協創部 市民課,愛知県豊橋市中岩田一丁目１２番地の２,岩田,150.00,150.00,1996,32725,33225184,1054276,57555,94,596,kobetsu_gyousei.pdf,p.3-4
石巻窓口センター,行政系施設,庁舎施設,市民協創部 市民課,愛知県豊橋市石巻本町字市場１１１番地（石巻生涯学習センター内）,玉川,,,,0,15591419,13866,14386,43,1085,kobetsu_gyousei.pdf,p.5-6
高師台窓口センター,行政系施設,庁舎施設,市民協創部 市民課,愛知県豊橋市曙町字南松原１１４番地,幸,77.76,77.76,1981,3000,27485772,193704,35371,76,783,kobetsu_gyousei.pdf,p.7-8
南部窓口センター,行政系施設,庁舎施設,市民協創部 市民課,愛知県豊橋市富本町字国隠６７番地,福岡,673.72,331.24,1984,0,28962995,4428097,34064,91,981,kobetsu_gyousei.pdf,p.9-10
二川窓口センター,行政系施設,庁舎施設,市民協創部 市民課,愛知県豊橋市大岩町字東郷内５６番地の４（二川生涯学習センター敷地内）,二川,57.97,57.97,1988,0,18601694,150292,19147,52,980,kobetsu_gyousei.pdf,p.11-12
駅前窓口センター,行政系施設,庁舎施設,市民協創部 市民課,愛知県豊橋市駅前大通二丁目８１番地（emCAMPUS EAST ４階）,松山,140.04,140.04,2021,1407817,45287885,44349,13436,120,3270,kobetsu_gyousei.pdf,p.13-14
大清水窓口センター,行政系施設,庁舎施設,市民協創部 市民課,愛知県豊橋市大清水町字彦坂１０番地の７（大清水まなび交流館ミナクル内）,大清水,,,,0,22228869,851854,30435,63,759,kobetsu_gyousei.pdf,p.15-16
西部窓口センター,行政系施設,庁舎施設,市民協創部 市民課,愛知県豊橋市牟呂町字内田２２番地の２（牟呂地域福祉センター内）,牟呂,,,,0,29705117,858817,42385,84,722,kobetsu_gyousei.pdf,p.17-18
土木維持事務所,行政系施設,庁舎施設,建設部 道路維持課,愛知県豊橋市大清水町字大清水６１４番地の１,大清水,1712.34,1410.00,1995,0,145275544,12664853,,431,,kobetsu_gyousei.pdf,p.19-20
土木維持事務所東部出張所,行政系施設,庁舎施設,建設部 道路維持課,愛知県豊橋市岩田町字影岩３番地の６,多米,1663.40,1410.00,1993,0,102270637,7327920,,299,,kobetsu_gyousei.pdf,p.21-22
まちなか活性課事務所,行政系施設,庁舎施設,都市計画部 まちなか活性課,愛知県豊橋市松葉町二丁目１０番地,松葉,499.65,155.44,1972,516350,83949114,0,,228,,kobetsu_gyousei.pdf,p.23-24
中消防署,行政系施設,消防施設,消防本部 総務課,愛知県豊橋市東松山町２３番地,松山,6710.71,799.32,1992,87625,814065386,44459310,,2339,,kobetsu_gyousei.pdf,p.25-26
中消防署東分署,行政系施設,消防施設,消防本部 総務課,愛知県豊橋市中岩田二丁目７番地の４,岩田,779.54,383.02,1977,70087,234764911,10842347,,669,,kobetsu_gyousei.pdf,p.27-28
中消防署前芝出張所,行政系施設,消防施設,消防本部 総務課,愛知県豊橋市日色野町字新切４６番地の１,前芝,869.81,699.09,2019,54854,189609953,17107134,,563,,kobetsu_gyousei.pdf,p.29-30
中消防署石巻出張所,行政系施設,消防施設,消防本部 総務課,愛知県豊橋市石巻本町字野添１３６番地,玉川,594.70,382.70,1994,73719,189908450,3979811,,528,,kobetsu_gyousei.pdf,p.31-32
南消防署,行政系施設,消防施設,消防本部 総務課,愛知県豊橋市曙町字南松原１１８番地,幸,1621.98,750.54,1979,74822,463757892,26168712,,1335,,kobetsu_gyousei.pdf,p.33-34
南消防署西分署,行政系施設,消防施設,消防本部 総務課,愛知県豊橋市東脇一丁目１番地の８,汐田,1037.05,470.32,2010,63626,236082645,6649758,,661,,kobetsu_gyousei.pdf,p.35-36
南消防署大清水出張所,行政系施設,消防施設,消防本部 総務課,愛知県豊橋市大清水町字娵田５１番地,大清水,950.27,593.35,1989,66397,190379483,5539315,,534,,kobetsu_gyousei.pdf,p.37-38
南消防署二川出張所,行政系施設,消防施設,消防本部 総務課,愛知県豊橋市二川町字道賢田４６番地の３,二川南,396.67,213.07,1970,46949,189607351,3651698,,527,,kobetsu_gyousei.pdf,p.39-40
岩田分団器具庫・詰所,行政系施設,消防施設,消防本部 総務課,愛知県豊橋市東岩田一丁目１１番地の９,岩田,51.34,29.20,1991,0,52674,0,,1,,kobetsu_gyousei.pdf,p.41-42
豊分団器具庫・詰所,行政系施設,消防施設,消防本部 総務課,愛知県豊橋市西岩田五丁目６番地の３,豊,71.34,35.67,2002,0,53054,578265,,2,,kobetsu_gyousei.pdf,p.43-44
東田分団器具庫・詰所,行政系施設,消防施設,消防本部 総務課,愛知県豊橋市吾妻町８４番地の２,東田,51.30,29.74,1982,0,51571,24874,,1,,kobetsu_gyousei.pdf,p.45-46
八町分団器具庫・詰所,行政系施設,消防施設,消防本部 総務課,愛知県豊橋市八町通四丁目１０３番地の２,八町,66.24,33.12,2009,0,52902,699942,,3,,kobetsu_gyousei.pdf,p.47-48
松葉分団器具庫・詰所,行政系施設,消防施設,消防本部 総務課,愛知県豊橋市大橋通三丁目１０７番地（松葉校区市民館内）,松葉,,,,0,103,0,,1,,kobetsu_gyousei.pdf,p.49-50
花田分団第一部器具庫・詰所,行政系施設,消防施設,消防本部 総務課,愛知県豊橋市花田町字斎藤７番地の６,花田,51.38,28.56,1989,0,51703,0,,1,,kobetsu_gyousei.pdf,p.51-52
花田分団第二部器具庫・詰所,行政系施設,消防施設,消防本部 総務課,愛知県豊橋市花田二番町２７番地,花田,51.30,29.74,1986,0,51606,0,,1,,kobetsu_gyousei.pdf,p.53-54
松山分団第一部器具庫・詰所,行政系施設,消防施設,消防本部 総務課,愛知県豊橋市西松山町４２番地,松山,66.80,34.80,2000,0,52931,707406,,3,,kobetsu_gyousei.pdf,p.55-56
松山分団第二部器具庫・詰所,行政系施設,消防施設,消防本部 総務課,愛知県豊橋市花園町９８、９９番地,松山,53.22,28.56,1987,0,53913,0,,1,,kobetsu_gyousei.pdf,p.57-58
新川分団器具庫・詰所,行政系施設,消防施設,消防本部 総務課,愛知県豊橋市神明町１番地の１ほか,新川,165.00,82.50,2017,0,56079,1700803,,5,,kobetsu_gyousei.pdf,p.59-60
羽根井分団第一部器具庫・詰所,行政系施設,消防施設,消防本部 総務課,愛知県豊橋市花中町６５番地の１,羽根井,71.34,35.67,2003,0,53753,578265,,2,,kobetsu_gyousei.pdf,p.61-62
羽根井分団第二部器具庫・詰所,行政系施設,消防施設,消防本部 総務課,愛知県豊橋市羽根井町５３番地,羽根井,50.07,29.26,1981,0,80960,0,,1,,kobetsu_gyousei.pdf,p.63-64
下地分団器具庫・詰所,行政系施設,消防施設,消防本部 総務課,愛知県豊橋市下地町四丁目１６番地の２、１７番地の１,下地,51.30,29.74,1993,0,151498,364978,,2,,kobetsu_gyousei.pdf,p.65-66
大村分団器具庫・詰所,行政系施設,消防施設,消防本部 総務課,愛知県豊橋市大村町字横走７０番地,大村,51.30,29.74,1994,0,52314,364978,,2,,kobetsu_gyousei.pdf,p.67-68
津田分団器具庫・詰所,行政系施設,消防施設,消防本部 総務課,愛知県豊橋市横須賀町宮元１番地の１,津田,51.30,29.74,1980,0,51666,27833,,1,,kobetsu_gyousei.pdf,p.69-70
牟呂分団器具庫・詰所,行政系施設,消防施設,消防本部 総務課,愛知県豊橋市神野新田町ソノ割２８番地の１,牟呂,57.86,30.14,1998,0,54573,612729,,2,,kobetsu_gyousei.pdf,p.71-72
汐田分団器具庫・詰所,行政系施設,消防施設,消防本部 総務課,愛知県豊橋市東脇四丁目２４番地の８,汐田,46.08,23.04,1990,0,51712,62533,,1,,kobetsu_gyousei.pdf,p.73-74
吉田方分団第一部器具庫・詰所,行政系施設,消防施設,消防本部 総務課,愛知県豊橋市吉川町２４１番地の３,吉田方,71.34,35.67,2002,0,53093,578265,,2,,kobetsu_gyousei.pdf,p.75-76
吉田方分団第二部器具庫・詰所,行政系施設,消防施設,消防本部 総務課,愛知県豊橋市高洲町高洲１２２番地の８,吉田方,51.30,29.74,1981,0,54026,0,,1,,kobetsu_gyousei.pdf,p.77-78
高師分団器具庫・詰所,行政系施設,消防施設,消防本部 総務課,愛知県豊橋市高師本郷町字東上２７番地の２０,高師,51.30,29.74,1984,0,51645,0,,1,,kobetsu_gyousei.pdf,p.79-80
幸分団器具庫・詰所,行政系施設,消防施設,消防本部 総務課,愛知県豊橋市西幸町字浜池３２９番地,幸,71.34,35.57,2004,0,412241,578131,,3,,kobetsu_gyousei.pdf,p.81-82
芦原分団器具庫・詰所,行政系施設,消防施設,消防本部 総務課,愛知県豊橋市西高師町字西浦４５番地の２、４,芦原,52.01,30.45,1982,0,51563,0,,1,,kobetsu_gyousei.pdf,p.83-84
福岡分団器具庫・詰所,行政系施設,消防施設,消防本部 総務課,愛知県豊橋市小池町字西海戸２５番地の１,福岡,94.25,94.25,2003,0,53870,827078,,3,,kobetsu_gyousei.pdf,p.85-86
中野分団器具庫・詰所,行政系施設,消防施設,消防本部 総務課,愛知県豊橋市中浜町１２１番地の２,中野,51.30,29.74,1985,0,51777,0,,1,,kobetsu_gyousei.pdf,p.87-88
磯辺分団器具庫・詰所,行政系施設,消防施設,消防本部 総務課,愛知県豊橋市駒形町字退松２８番地の７、３５番地の５、６,磯辺,71.34,35.67,2004,0,53495,578265,,2,,kobetsu_gyousei.pdf,p.89-90
大崎分団器具庫・詰所,行政系施設,消防施設,消防本部 総務課,愛知県豊橋市大崎町字柿ノ木１６番地,大崎,71.34,35.67,2002,0,98823,578265,,2,,kobetsu_gyousei.pdf,p.91-92
野依分団器具庫・詰所,行政系施設,消防施設,消防本部 総務課,愛知県豊橋市野依町字中瀬古１９番地の１,野依,51.30,29.74,1983,0,91342,0,,1,,kobetsu_gyousei.pdf,p.93-94
植田分団器具庫・詰所,行政系施設,消防施設,消防本部 総務課,愛知県豊橋市植田町字池下１３番地の１,植田,51.30,29.74,1992,0,54604,364978,,2,,kobetsu_gyousei.pdf,p.95-96
牛川分団器具庫・詰所,行政系施設,消防施設,消防本部 総務課,愛知県豊橋市牛川町字中郷２０番地,牛川,51.30,29.74,1992,0,52062,364978,,2,,kobetsu_gyousei.pdf,p.97-98
鷹丘分団器具庫・詰所,行政系施設,消防施設,消防本部 総務課,愛知県豊橋市忠興三丁目１番地の７,鷹丘,68.04,34.02,2004,0,53283,551516,,2,,kobetsu_gyousei.pdf,p.99-100
下条分団器具庫・詰所,行政系施設,消防施設,消防本部 総務課,愛知県豊橋市下条西町南４０番地,下条,68.36,34.80,2001,0,52974,723028,,3,,kobetsu_gyousei.pdf,p.101-102
多米分団器具庫・詰所,行政系施設,消防施設,消防本部 総務課,愛知県豊橋市多米町字寺門３８番地,多米,52.19,52.14,1984,0,51334,130225,,1,,kobetsu_gyousei.pdf,p.103-104
岩西分団器具庫・詰所,行政系施設,消防施設,消防本部 総務課,愛知県豊橋市高師町字奥山田２番地の１０,岩西,71.34,35.67,2004,0,104295,578265,,2,,kobetsu_gyousei.pdf,p.105-106
飯村分団器具庫・詰所,行政系施設,消防施設,消防本部 総務課,愛知県豊橋市飯村北五丁目１番地の３,飯村,51.30,29.74,1983,0,66358,0,,1,,kobetsu_gyousei.pdf,p.107-108
つつじが丘分団器具庫・詰所,行政系施設,消防施設,消防本部 総務課,愛知県豊橋市佐藤三丁目１０番地の４,つつじが丘,51.30,29.74,1995,0,52556,364978,,2,,kobetsu_gyousei.pdf,p.109-110
旭分団器具庫・詰所,行政系施設,消防施設,消防本部 総務課,愛知県豊橋市旭町字旭５３９、５４１番地,旭,51.30,29.74,1980,0,51790,28497,,1,,kobetsu_gyousei.pdf,p.111-112
栄分団器具庫・詰所,行政系施設,消防施設,消防本部 総務課,愛知県豊橋市北山町９５番地の１３、１５、１６、１８,栄,52.70,52.70,1987,0,51558,0,,1,,kobetsu_gyousei.pdf,p.113-114
天伯分団器具庫・詰所,行政系施設,消防施設,消防本部 総務課,愛知県豊橋市天伯町字高田山１３３番地の３,天伯,71.34,35.67,2002,0,99189,578265,,2,,kobetsu_gyousei.pdf,p.115-116
大清水分団器具庫・詰所,行政系施設,消防施設,消防本部 総務課,愛知県豊橋市大清水町字大清水３番地の１１２７、彦坂１２番地の３,大清水,51.30,29.74,1990,0,54161,150414,,1,,kobetsu_gyousei.pdf,p.117-118
富士見分団器具庫・詰所,行政系施設,消防施設,消防本部 総務課,愛知県豊橋市富士見台二丁目４０番地の３,富士見,51.30,29.74,1984,0,51915,0,,1,,kobetsu_gyousei.pdf,p.119-120
向山分団器具庫・詰所,行政系施設,消防施設,消防本部 総務課,愛知県豊橋市向山町字東猿５５番地の２、池端５４番地の１０,向山,51.76,26.98,1986,0,52216,29055,,1,,kobetsu_gyousei.pdf,p.121-122
前芝分団第一部器具庫・詰所,行政系施設,消防施設,消防本部 総務課,愛知県豊橋市前芝町稲場６８番地の３,前芝,57.86,30.14,1999,0,52433,612729,,2,,kobetsu_gyousei.pdf,p.123-124
前芝分団第二部器具庫・詰所,行政系施設,消防施設,消防本部 総務課,愛知県豊橋市梅藪町屋敷２６番地の１,前芝,68.04,34.02,2003,0,52958,551516,,2,,kobetsu_gyousei.pdf,p.125-126
西郷分団第一部器具庫・詰所,行政系施設,消防施設,消防本部 総務課,愛知県豊橋市石巻萩平町字城脇１６１番地の４,西郷,71.34,35.67,2002,0,98993,578265,,2,,kobetsu_gyousei.pdf,p.127-128
西郷分団第二部器具庫・詰所,行政系施設,消防施設,消防本部 総務課,愛知県豊橋市石巻平野町字上郷９８番地の１,西郷,68.04,34.02,2004,0,103794,551516,,2,,kobetsu_gyousei.pdf,p.129-130
西郷分団第三部器具庫・詰所,行政系施設,消防施設,消防本部 総務課,愛知県豊橋市石巻西川町字安川下４４番地の３ほか,西郷,71.34,35.67,2002,0,98931,578265,,2,,kobetsu_gyousei.pdf,p.131-132
西郷分団第四部器具庫・詰所,行政系施設,消防施設,消防本部 総務課,愛知県豊橋市石巻小野田町字縄手添２３番地の６,西郷,51.30,29.74,1980,0,53816,0,,1,,kobetsu_gyousei.pdf,p.133-134
玉川分団第一部器具庫・詰所,行政系施設,消防施設,消防本部 総務課,愛知県豊橋市石巻本町字中屋敷８７番地の３,玉川,71.34,35.67,2004,0,53495,578265,,2,,kobetsu_gyousei.pdf,p.135-136
玉川分団第二部器具庫・詰所,行政系施設,消防施設,消防本部 総務課,愛知県豊橋市石巻本町字的場５５、５５番地の１,玉川,51.30,29.74,1980,0,51773,0,,1,,kobetsu_gyousei.pdf,p.137-138
玉川分団第三部器具庫・詰所,行政系施設,消防施設,消防本部 総務課,愛知県豊橋市石巻本町字清水３５番地の７,玉川,71.34,35.67,2004,0,53174,578265,,2,,kobetsu_gyousei.pdf,p.139-140
嵩山分団器具庫・詰所,行政系施設,消防施設,消防本部 総務課,愛知県豊橋市嵩山町字長田４６番地の１,嵩山,71.34,35.67,2004,0,53918,578265,,2,,kobetsu_gyousei.pdf,p.141-142
石巻分団金田部器具庫・詰所,行政系施設,消防施設,消防本部 総務課,愛知県豊橋市石巻町字下屋敷２６番地,石巻,57.87,30.15,1997,0,52568,612840,,2,,kobetsu_gyousei.pdf,p.143-144
石巻分団神郷部器具庫・詰所,行政系施設,消防施設,消防本部 総務課,愛知県豊橋市石巻町字馬場６２番地の２,石巻,51.30,29.74,1981,0,51512,0,,1,,kobetsu_gyousei.pdf,p.145-146
谷川分団器具庫・詰所,行政系施設,消防施設,消防本部 総務課,愛知県豊橋市中原町字東荒神１０５番地の１,谷川,71.34,35.67,2002,0,323929,578265,,3,,kobetsu_gyousei.pdf,p.147-148
小沢分団器具庫・詰所,行政系施設,消防施設,消防本部 総務課,愛知県豊橋市小松原町字荒蒔１３番地の１（小沢校区市民館敷地内）,小沢,71.34,35.67,2002,0,53625,578265,,2,,kobetsu_gyousei.pdf,p.149-150
細谷分団器具庫・詰所,行政系施設,消防施設,消防本部 総務課,愛知県豊橋市東細谷町字西島６５番地の１,細谷,71.34,35.67,2002,0,123074,578265,,2,,kobetsu_gyousei.pdf,p.151-152
二川分団大岩部器具庫・詰所,行政系施設,消防施設,消防本部 総務課,愛知県豊橋市大岩町字東郷内２６２番地の５,二川,86.81,51.14,2004,0,53784,714020,,3,,kobetsu_gyousei.pdf,p.153-154
二川分団二川部器具庫・詰所,行政系施設,消防施設,消防本部 総務課,愛知県豊橋市二川町字東町１６３番地の１５ほか,二川,51.30,29.74,1986,0,51758,28749,,1,,kobetsu_gyousei.pdf,p.155-156
二川南分団東部器具庫・詰所,行政系施設,消防施設,消防本部 総務課,愛知県豊橋市豊清町字茶屋ノ下９２番地の１４１,二川南,45.17,25.64,1989,0,54026,29991,,1,,kobetsu_gyousei.pdf,p.157-158
二川南分団西部器具庫・詰所,行政系施設,消防施設,消防本部 総務課,愛知県豊橋市大岩町字沢渡５番地の１,二川南,51.30,29.74,1987,0,54200,0,,1,,kobetsu_gyousei.pdf,p.159-160
豊南分団器具庫・詰所,行政系施設,消防施設,消防本部 総務課,愛知県豊橋市伊古部町字多岸田３０３番地,豊南,71.34,35.67,2002,0,53203,578265,,2,,kobetsu_gyousei.pdf,p.161-162
高根分団器具庫・詰所,行政系施設,消防施設,消防本部 総務課,愛知県豊橋市西七根町字北浜辺９４番地の１５ほか,高根,71.34,35.67,2002,0,53011,578265,,2,,kobetsu_gyousei.pdf,p.163-164
老津分団第一部器具庫・詰所,行政系施設,消防施設,消防本部 総務課,愛知県豊橋市老津町字東高縄１９８番地の３,老津,51.30,29.74,1979,0,53768,0,,1,,kobetsu_gyousei.pdf,p.165-166
老津分団第二部器具庫・詰所,行政系施設,消防施設,消防本部 総務課,愛知県豊橋市老津町字東中尾１７、１８番地,老津,71.34,35.67,2004,0,104051,578265,,2,,kobetsu_gyousei.pdf,p.167-168
杉山分団第一部器具庫・詰所,行政系施設,消防施設,消防本部 総務課,愛知県豊橋市杉山町字向井６４番地の１,杉山,71.34,35.67,2003,0,99001,578265,,2,,kobetsu_gyousei.pdf,p.169-170
杉山分団第二部器具庫・詰所,行政系施設,消防施設,消防本部 総務課,愛知県豊橋市杉山町字西林５２番地,杉山,51.30,29.74,1981,0,53840,0,,1,,kobetsu_gyousei.pdf,p.171-172
賀茂分団器具庫・詰所,行政系施設,消防施設,消防本部 総務課,愛知県豊橋市賀茂町字宗末１番地の３,賀茂,71.34,35.67,2002,0,141224,578265,,2,,kobetsu_gyousei.pdf,p.173-174
花中水防倉庫,行政系施設,防災施設,防災危機管理課,愛知県豊橋市花中町字９番地の２、６５番地の４、６５番地の７,羽根井,81.55,81.55,2013,0,26701,526263,,2,,kobetsu_gyousei.pdf,p.175-176
下地水防倉庫,行政系施設,防災施設,防災危機管理課,愛知県豊橋市下地町字天神１番地の１,下地,38.88,38.88,1988,0,4528,0,,1,,kobetsu_gyousei.pdf,p.177-178
渡津水防倉庫,行政系施設,防災施設,防災危機管理課,愛知県豊橋市清須町字天神７２番地の１地先,津田,41.44,41.44,1997,0,119564,0,,1,,kobetsu_gyousei.pdf,p.179-180
牟呂水防倉庫,行政系施設,防災施設,防災危機管理課,愛知県豊橋市牟呂外神町７番地の１、１８,牟呂,39.20,39.20,1991,0,0,0,,,,kobetsu_gyousei.pdf,p.181-182
野依水防倉庫,行政系施設,防災施設,防災危機管理課,愛知県豊橋市野依町字中瀬古４２番地の５,野依,39.83,39.83,2004,0,139685,184990,,1,,kobetsu_gyousei.pdf,p.183-184
下条水防倉庫,行政系施設,防災施設,防災危機管理課,愛知県豊橋市下条東町字西の池７７番地,下条,38.88,38.88,1989,0,116250,0,,1,,kobetsu_gyousei.pdf,p.185-186
吉田方防災備蓄倉庫,行政系施設,防災施設,防災危機管理課,愛知県豊橋市高洲町字高洲１２２番地の７（吉田方生涯学習センター敷地内）,吉田方,345.25,345.25,1978,0,10461,0,,1,,kobetsu_gyousei.pdf,p.187-188
岩田防災備蓄倉庫,行政系施設,防災施設,防災危機管理課,愛知県豊橋市岩田町１番地の２（岩田運動公園内）,岩田,150.00,150.00,2000,0,4535,967989,,3,,kobetsu_gyousei.pdf,p.189-190
豊橋公園防災備蓄倉庫,行政系施設,防災施設,防災危機管理課,愛知県豊橋市豊橋市今橋町３番地（豊橋公園内）,八町,136.73,136.73,2012,0,4143,882354,,3,,kobetsu_gyousei.pdf,p.191-192
防災ひろば防災備蓄倉庫,行政系施設,防災施設,防災危機管理課,愛知県豊橋市西小田原町138,松山,197.36,197.36,2014,367592,497308,1275358,,4,,kobetsu_gyousei.pdf,p.193-194
総合スポーツ公園防災備蓄倉庫,行政系施設,防災施設,防災危機管理課,愛知県豊橋市神野新田町字メノ割１番地の３（総合スポーツ公園内）,吉田方,190.05,190.05,2009,0,27618,1226442,,4,,kobetsu_gyousei.pdf,p.195-196
高師緑地防災備蓄倉庫,行政系施設,防災施設,防災危機管理課,愛知県豊橋市高師町字北原２９番地の１（高師緑地内）,芦原,228.00,150.00,2003,0,33375,1670983,,5,,kobetsu_gyousei.pdf,p.197-198
野依防災備蓄倉庫,行政系施設,防災施設,防災危機管理課,愛知県豊橋市野依町字諏訪１４９番地の１（野依校区市民館敷地内）,野依,190.05,190.05,2013,0,33764,1226442,,4,,kobetsu_gyousei.pdf,p.199-200
牛川遊歩公園防災備蓄倉庫,行政系施設,防災施設,防災危機管理課,愛知県豊橋市西小鷹野四丁目１２番地の1（牛川遊歩公園内）,鷹丘,135.00,135.00,2004,0,33485,871190,,3,,kobetsu_gyousei.pdf,p.201-202
幸公園防災備蓄倉庫,行政系施設,防災施設,防災危機管理課,愛知県豊橋市佐藤町字池下４９番地（幸公園内）,岩西,228.00,228.00,2003,0,34705,1796224,,5,,kobetsu_gyousei.pdf,p.203-204
北山防災備蓄倉庫,行政系施設,防災施設,防災危機管理課,愛知県豊橋市北山町９５番地の１５ほか（栄分団器具庫・詰所敷地内）,栄,200.00,200.00,1990,0,666047,0,,2,,kobetsu_gyousei.pdf,p.205-206
向山防災備蓄倉庫,行政系施設,防災施設,防災危機管理課,愛知県豊橋市向山緑地内（向山緑地内）,向山,184.37,184.37,2015,0,21988,1487808,,5,,kobetsu_gyousei.pdf,p.207-208
大村防災備蓄倉庫,行政系施設,防災施設,防災危機管理課,愛知県豊橋市大村町字地之神３番地（大村校区市民館敷地内）,大村,184.37,184.37,2016,0,29805,1530988,,5,,kobetsu_gyousei.pdf,p.209-210
道の駅「とよはし」防災備蓄倉庫,行政系施設,防災施設,防災危機管理課,愛知県豊橋市東七根町字稲葉４１番地の４、１９２番地の１３,高根,195.90,195.90,2018,0,33200,1501776,,5,,kobetsu_gyousei.pdf,p.211-212
牟呂防災器材庫,行政系施設,防災施設,防災危機管理課,愛知県豊橋市牟呂中村町５番地の１３,牟呂,92.74,92.74,1999,0,71238,0,,1,,kobetsu_gyousei.pdf,p.213-214
三郷地区津波防災センター,行政系施設,防災施設,防災危機管理課,愛知県豊橋市神野新田町字ハの割１８番地,牟呂,552.32,276.51,2015,311907,320862,4765910,,14,,kobetsu_gyousei.pdf,p.215-216
天津地区津波防災センター,行政系施設,防災施設,防災危機管理課,愛知県豊橋市杉山町字天津１７９番地の１,杉山,247.56,161.65,2016,208740,307676,6845589,,19,,kobetsu_gyousei.pdf,p.217-220
西部環境センター,行政系施設,環境施設,環境部 収集業務課,愛知県豊橋市神野新田町字京ノ割４６番地の１,吉田方,3119.48,2010.31,1988,617346,454364238,23150280,,1299,,kobetsu_gyousei.pdf,p.221-222
東部環境センター,行政系施設,環境施設,環境部 収集業務課,愛知県豊橋市飯村町字高山１１番地の１９,飯村,6111.57,4271.23,1980,1414589,710913031,32569302,,2022,,kobetsu_gyousei.pdf,p.223-224
南部環境センター,行政系施設,環境施設,環境部 収集業務課,愛知県豊橋市東七根町字宝地道２４番地,高根,1489.92,1201.92,1986,401612,329356406,8785581,,920,,kobetsu_gyousei.pdf,p.225-226
資源化センター,行政系施設,環境施設,環境部 資源化センター,愛知県豊橋市豊栄町字西５３０番地,二川南,36278.49,16742.43,1979,889010710,2881610438,753246832,,7479,,kobetsu_gyousei.pdf,p.227-228
資源リサイクルセンター,行政系施設,環境施設,環境部 資源化センター,愛知県豊橋市東七根町字宝地道３１〜３３番地,高根,1505.03,1566.04,1989,0,113205267,5009040,,322,,kobetsu_gyousei.pdf,p.229-230
プラスチックリサイクルセンター,行政系施設,環境施設,環境部 資源化センター,愛知県豊橋市東七根町字宝地道４０番地の１,高根,3191.87,2100.61,2004,0,90714775,43014712,,365,,kobetsu_gyousei.pdf,p.231-232
廃棄物最終処分場,行政系施設,環境施設,環境部 埋立処理課,愛知県豊橋市高塚町字東大縄手４４１番地,高根,605.78,605.78,2007,6240420,114194928,32018504,,382,,kobetsu_gyousei.pdf,p.233-234
伊古部浸出水処理施設,行政系施設,環境施設,環境部 埋立処理課,愛知県豊橋市伊古部町字落合７０番地,豊南,257.09,201.33,2003,0,76904138,21611072,,269,,kobetsu_gyousei.pdf,p.235-236
高塚浸出水処理施設,行政系施設,環境施設,環境部 埋立処理課,愛知県豊橋市高塚町字三ツ合７８番地,高根,462.30,426.59,1978,0,28406518,33046613,,168,,kobetsu_gyousei.pdf,p.237-240
富本ＲＣ住宅,行政系施設,市営住宅,建設部 住宅課,愛知県豊橋市富本町字国隠２０番地の５,福岡,4011.15,821.35,1968,775924563,1137568020,0,37,986,9774148,kobetsu_gyousei.pdf,p.241-242
新富本住宅,行政系施設,市営住宅,建設部 住宅課,愛知県豊橋市富本町字国隠６５番地,福岡,2004.90,718.56,1992,775924563,1137568020,12902552,23,1021,16284610,kobetsu_gyousei.pdf,p.243-244
富本住宅,行政系施設,市営住宅,建設部 住宅課,愛知県豊橋市富本町字東山７３番地,福岡,4346.65,1538.13,1988,775924563,1137568020,28830700,50,1064,7809484,kobetsu_gyousei.pdf,p.245-246
中野住宅,行政系施設,市営住宅,建設部 住宅課,愛知県豊橋市中野町字平北２８番地の２,中野,14115.68,3714.80,1983,775924563,1137568020,91347314,155,1234,2922522,kobetsu_gyousei.pdf,p.247-248
草間住宅,行政系施設,市営住宅,建設部 住宅課,愛知県豊橋市草間町字東山１４３番地の２６,磯辺,4487.20,906.64,1973,775924563,1137568020,0,60,986,6027391,kobetsu_gyousei.pdf,p.249-250
新植田住宅,行政系施設,市営住宅,建設部 住宅課,愛知県豊橋市植田町字一本木１１６番地の１５３,植田,7603.50,1778.84,2010,775924563,1137568020,56000906,130,1138,3212649,kobetsu_gyousei.pdf,p.251-252
植田住宅,行政系施設,市営住宅,建設部 住宅課,愛知県豊橋市植田町字西山田１４番地の１,植田,9609.67,2077.02,2006,775924563,1137568020,65683553,135,1164,3165386,kobetsu_gyousei.pdf,p.253-254
小鷹野住宅,行政系施設,市営住宅,建設部 住宅課,愛知県豊橋市東小鷹野一丁目８番地の１,鷹丘,4959.84,1815.19,1992,775924563,1137568020,32594886,58,1074,6797213,kobetsu_gyousei.pdf,p.255-256
忠興住宅,行政系施設,市営住宅,建設部 住宅課,愛知県豊橋市忠興一丁目１２番地の４,鷹丘,5552.02,2033.75,1993,775924563,1137568020,34665308,58,1080,6832910,kobetsu_gyousei.pdf,p.257-258
柳原住宅,行政系施設,市営住宅,建設部 住宅課,愛知県豊橋市多米中町三丁目１番地の１,多米,44774.24,9182.44,1972,775924563,1137568020,6493633,439,1003,838582,kobetsu_gyousei.pdf,p.259-260
多米住宅,行政系施設,市営住宅,建設部 住宅課,愛知県豊橋市多米西町一丁目１０番地の１,多米,2986.20,1064.60,1992,775924563,1137568020,19497810,31,1039,12294880,kobetsu_gyousei.pdf,p.261-262
新多米住宅,行政系施設,市営住宅,建設部 住宅課,愛知県豊橋市多米西町二丁目２０番地の１,多米,6170.88,2264.43,1989,775924563,1137568020,40201445,70,1095,5740642,kobetsu_gyousei.pdf,p.263-264
西口住宅,行政系施設,市営住宅,建設部 住宅課,愛知県豊橋市高師町字北原１番地の９２,岩西,13583.01,1988.19,2018,775924563,1137568020,143061672,238,1375,2120610,kobetsu_gyousei.pdf,p.265-266
岩屋住宅,行政系施設,市営住宅,建設部 住宅課,愛知県豊橋市岩屋町字岩屋下３６番地の２,岩西,11506.86,2489.62,1971,775924563,1137568020,0,103,986,3511102,kobetsu_gyousei.pdf,p.267-268
東山住宅,行政系施設,市営住宅,建設部 住宅課,愛知県豊橋市大岩町字北山６番地の２７５,飯村,6806.82,919.75,1999,775924563,1137568020,45300219,84,1109,4844568,kobetsu_gyousei.pdf,p.269-270
才ノ神住宅,行政系施設,市営住宅,建設部 住宅課,愛知県豊橋市佐藤一丁目９番地の１,つつじが丘,31525.54,2984.95,1983,775924563,1137568020,227973946,309,1606,1908147,kobetsu_gyousei.pdf,p.271-272
旭本町高齢者住宅,行政系施設,市営住宅,建設部 住宅課,愛知県豊橋市旭本町４８番地,八町,662.38,330.14,2000,775924563,1137568020,4780311,8,999,45802971,kobetsu_gyousei.pdf,p.273-274
南栄住宅,行政系施設,市営住宅,建設部 住宅課,愛知県豊橋市南栄町字空池１２３番地１,栄,7256.49,1922.64,2011,775924563,1137568020,55072978,117,1136,3561679,kobetsu_gyousei.pdf,p.275-276
栄生住宅,行政系施設,市営住宅,建設部 住宅課,愛知県豊橋市町畑町字森田４９番地,栄,8700.75,2554.19,1979,775924563,1137568020,60199733,93,1149,4535949,kobetsu_gyousei.pdf,p.277-278
空池住宅,行政系施設,市営住宅,建設部 住宅課,愛知県豊橋市南栄町字空池１１３番地,栄,18398.10,4894.54,1982,775924563,1137568020,119652968,189,1311,2546542,kobetsu_gyousei.pdf,p.279-280
南大清水住宅,行政系施設,市営住宅,建設部 住宅課,愛知県豊橋市南大清水町字元町３９３番地,大清水,4752.24,1302.86,2004,775924563,1137568020,31361885,71,1071,5535287,kobetsu_gyousei.pdf,p.281-282
向山住宅,行政系施設,市営住宅,建設部 住宅課,愛知県豊橋市向山町字南中畑３０番地,向山,4159.34,1540.10,1984,775924563,1137568020,28277856,49,1063,7957578,kobetsu_gyousei.pdf,p.283-284
前芝住宅,行政系施設,市営住宅,建設部 住宅課,愛知県豊橋市西浜町３番地の１,前芝,8579.68,1038.85,1997,775924563,1137568020,61228677,69,1152,6128582,kobetsu_gyousei.pdf,p.285-286
池上住宅,行政系施設,市営住宅,建設部 住宅課,愛知県豊橋市老津町字池上１０６番地の１,老津,6071.35,2233.41,2002,775924563,1137568020,43217306,83,1103,4877841,kobetsu_gyousei.pdf,p.287-288
職員会館,行政系施設,その他施設,財務部 資産経営課,愛知県豊橋市八町通二丁目１６番地,八町,1758.10,322.30,1981,5618093,5277109,14119138,,38,,kobetsu_gyousei.pdf,p.289-290
石巻平野町地内建物,行政系施設,その他施設,財務部 資産経営課,豊橋市石巻平野町字日名倉４３番地の６,西郷,3246.20,2602.81,1969,66130,200901,1009140,,4,,kobetsu_gyousei.pdf,p.291-292
食肉衛生検査所,行政系施設,その他施設,健康部 食肉衛生検査所,愛知県豊橋市明海町１６番地の１,大崎,1088.02,600.19,1992,92090130,206840189,7884413,222394,335,552,kobetsu_gyousei.pdf,p.293-294
南大清水苗圃,行政系施設,その他施設,都市計画部 公園緑地課,愛知県豊橋市南大清水町字藤ヶ谷３２６番地の９,大清水,141.00,141.00,1986,0,35141471,0,,96,,kobetsu_gyousei.pdf,p.295-296
選挙管理委員会倉庫,行政系施設,その他施設,議会局 選挙管理委員会事務局,愛知県豊橋市富本町字国隠６７番地（南部窓口センター敷地内）,福岡,77.76,76.11,1981,0,120759,0,,1,,kobetsu_gyousei.pdf,p.297-298
保健所・保健センター,医療・保健福祉系施設,医療・保健施設,健康部 保健医療企画課,愛知県豊橋市中野町字中原１００番地,磯辺,12477.24,7371.12,2009,4124111,1407287511,88401578,,4063,,kobetsu_iryou_fukushi.pdf,p.1-2
こども発達センター,医療・保健福祉系施設,医療・保健施設,健康部 保健医療企画課,愛知県豊橋市中野町字中原１００番地（保健所・保健センター内）,磯辺,,,,150527439,480022217,952692,,901,,kobetsu_iryou_fukushi.pdf,p.3-4
休日夜間急病診療所,医療・保健福祉系施設,医療・保健施設,健康部 保健医療企画課,愛知県豊橋市中野町字中原１００番地（保健所・保健センター内）,磯辺,,,,210717294,360080777,5785639,15538,423,9986,kobetsu_iryou_fukushi.pdf,p.5-6
休日夜間・障害者歯科診療所,医療・保健福祉系施設,医療・保健施設,健康部 保健医療企画課,愛知県豊橋市中野町字中原１００番地（保健所・保健センター内）,磯辺,,,,12770871,38118069,632636,1505,71,17263,kobetsu_iryou_fukushi.pdf,p.7-8
看護専門学校,医療・保健福祉系施設,医療・保健施設,健康部 保健医療企画課,愛知県豊橋市青竹町字八間西１００番地の３,吉田方,4374.48,2240.72,1995,35579577,295565631,30686767,223,792,1303466,kobetsu_iryou_fukushi.pdf,p.9-10
市民病院,医療・保健福祉系施設,医療・保健施設,市民病院 管理課,愛知県豊橋市青竹町字八間西５０番地,吉田方,64039.35,21837.81,1995,36339718339,35126973773,1814619791,722204,1640,834,kobetsu_iryou_fukushi.pdf,p.11-12
斎場,医療・保健福祉系施設,衛生施設,福祉部 福祉政策課,愛知県豊橋市飯村町字北池上５２番地,飯村,4404.38,2411.17,2020,41444348,254059040,165350893,4397,1030,85960,kobetsu_iryou_fukushi.pdf,p.13-14
梅田川霊苑,医療・保健福祉系施設,衛生施設,福祉部 福祉政策課,愛知県豊橋市大山町字西坪１番地,磯辺,85.05,85.05,2004,12240207,6609593,6084539,,2,,kobetsu_iryou_fukushi.pdf,p.15-16
向山霊苑,医療・保健福祉系施設,衛生施設,福祉部 福祉政策課,愛知県豊橋市向山町字塚南３０番地,向山,82.01,82.01,1990,602200,21674916,411519,,59,,kobetsu_iryou_fukushi.pdf,p.17-18
飯村墓地,医療・保健福祉系施設,衛生施設,福祉部 福祉政策課,愛知県豊橋市飯村町字西山７番地の１,飯村,199.97,179.72,1979,4994562,9555722,439943,,14,,kobetsu_iryou_fukushi.pdf,p.19-20
八町地域福祉センター,医療・保健福祉系施設,地域・高齢福祉施設,福祉部 福祉政策課,愛知県豊橋市八町通五丁目９番地,八町,2686.64,747.64,1971,1991199,16922060,284007,15706,42,969,kobetsu_iryou_fukushi.pdf,p.21-22
牟呂地域福祉センター,医療・保健福祉系施設,地域・高齢福祉施設,福祉部 福祉政策課,愛知県豊橋市牟呂町字内田２２番地の２,牟呂,1350.00,747.64,2008,0,15714756,8832763,27214,67,903,kobetsu_iryou_fukushi.pdf,p.23-24
大清水地域福祉センター,医療・保健福祉系施設,地域・高齢福祉施設,福祉部 福祉政策課,愛知県豊橋市大清水町字大清水５４６番地,大清水,1675.58,935.20,1995,4606414,23918836,12926250,35752,88,902,kobetsu_iryou_fukushi.pdf,p.25-26
仁連木老人福祉センター,医療・保健福祉系施設,地域・高齢福祉施設,福祉部 長寿介護課,愛知県豊橋市仁連木町１３６番地の２（大口公園内）,東田,500.40,254.70,1966,0,31081232,0,25470,85,1221,kobetsu_iryou_fukushi.pdf,p.27-28
下地老人福祉センター,医療・保健福祉系施設,地域・高齢福祉施設,福祉部 長寿介護課,愛知県豊橋市下地町字宮前52番地の1,下地,491.40,285.80,1972,0,10489798,259743,31673,30,340,kobetsu_iryou_fukushi.pdf,p.29-30
高師老人福祉センター,医療・保健福祉系施設,地域・高齢福祉施設,福祉部 長寿介護課,愛知県豊橋市高師町字北原１番地（高師緑地内）,芦原,496.80,248.40,1972,52995,9828656,241045,37049,28,271,kobetsu_iryou_fukushi.pdf,p.31-32
石巻老人福祉センター,医療・保健福祉系施設,地域・高齢福祉施設,福祉部 長寿介護課,愛知県豊橋市石巻本町字市場7番地,玉川,408.40,217.44,1989,0,10473032,3569570,29289,39,480,kobetsu_iryou_fukushi.pdf,p.33-34
大岩老人福祉センター,医療・保健福祉系施設,地域・高齢福祉施設,福祉部 長寿介護課,愛知県豊橋市大岩町字東郷内4番地の5,二川,760.45,289.83,1990,1500,10476739,6157923,28341,46,587,kobetsu_iryou_fukushi.pdf,p.35-36
西川老人憩の家,医療・保健福祉系施設,地域・高齢福祉施設,福祉部 長寿介護課,愛知県豊橋市石巻西川町字安川下1番地の17,西郷,162.00,162.00,1995,3000,3085269,0,6779,9,455,kobetsu_iryou_fukushi.pdf,p.37-38
東細谷老人憩の家,医療・保健福祉系施設,地域・高齢福祉施設,福祉部 長寿介護課,愛知県豊橋市東細谷町字西島4番地,細谷,162.00,162.00,1997,6388,2945995,361404,10869,9,304,kobetsu_iryou_fukushi.pdf,p.39-40
城下老人憩の家,医療・保健福祉系施設,地域・高齢福祉施設,福祉部 長寿介護課,愛知県豊橋市城下町字北方部81番地の3,豊南,164.00,164.00,2003,0,2958883,1335160,5005,12,858,kobetsu_iryou_fukushi.pdf,p.41-42
牟呂高齢者活動センター,医療・保健福祉系施設,地域・高齢福祉施設,福祉部 長寿介護課,愛知県豊橋市牟呂町字東里42番地の2,汐田,601.45,299.95,1985,207500,6346007,513810,23470,19,284,kobetsu_iryou_fukushi.pdf,p.43-44
石巻高齢者活動センター,医療・保健福祉系施設,地域・高齢福祉施設,福祉部 長寿介護課,愛知県豊橋市石巻本町字市場５番地（石巻老人福祉センター敷地内）,玉川,589.14,301.50,1989,0,6345481,5918547,4761,34,2576,kobetsu_iryou_fukushi.pdf,p.45-46
総合福祉センター,医療・保健福祉系施設,その他施設,福祉部 福祉政策課,愛知県豊橋市前畑町１１５番地,旭,6068.27,1884.42,2003,76985,147339509,59488904,69251,564,2986,kobetsu_iryou_fukushi.pdf,p.47-48
更生保護会館,医療・保健福祉系施設,その他施設,福祉部 福祉政策課,愛知県豊橋市大国町６０番地,松山,342.06,171.03,1966,0,1222285,0,1988,4,615,kobetsu_iryou_fukushi.pdf,p.49-50
障害者福祉会館,医療・保健福祉系施設,その他施設,福祉部 障害福祉課,愛知県豊橋市東新町１５番地,旭,4153.67,1549.32,1982,250483,43260883,32275838,40944,206,1839,kobetsu_iryou_fukushi.pdf,p.51-52
総合老人ホームつつじ荘,医療・保健福祉系施設,その他施設,福祉部 総合老人ホーム,愛知県豊橋市飯村町字高山１１番地の６５,飯村,5292.56,2004.56,1971,219672100,453645181,34761077,36669,732,7329,kobetsu_iryou_fukushi.pdf,p.53-54
資源化センター余熱利用施設,医療・保健福祉系施設,その他施設,健康部 健康増進課,愛知県豊橋市東七根町字宝地道１０番地,高根,4396.45,3659.63,2007,21000,58094555,32307865,161471,247,560,kobetsu_iryou_fukushi.pdf,p.55-56
津田保育園,子育て支援系施設,保育所等,こども未来部 保育課,愛知県豊橋市横須賀町林８番地の１,津田,1090.87,646.01,1976,10334747,210998200,2949445,1218,555,167170,kobetsu_kosodate.pdf,p.1-2
牛川東保育園,子育て支援系施設,保育所等,こども未来部 保育課,愛知県豊橋市牛川町字乗小路３１番地の６,鷹丘,942.58,708.00,1972,16153583,204354255,1553766,1668,517,113762,kobetsu_kosodate.pdf,p.3-4
くるみ保育園,子育て支援系施設,保育所等,こども未来部 保育課,愛知県豊橋市松葉町三丁目８番地の３,松葉,845.04,396.00,2000,21375090,239394488,8350205,1608,617,140778,kobetsu_kosodate.pdf,p.5-6
つつじが丘保育園,子育て支援系施設,保育所等,こども未来部 保育課,愛知県豊橋市佐藤五丁目１６番地の２,つつじが丘,907.17,895.32,2024,112948,14922263,0,0,41,,kobetsu_kosodate.pdf,p.7-8
こじかこども園,子育て支援系施設,保育所等,こども未来部 保育課,愛知県豊橋市植田町字一本木１１６番地の１５１,植田,1526.86,1195.19,2016,27901709,256830485,25247359,986,693,257786,kobetsu_kosodate.pdf,p.9-10
高山学園,子育て支援系施設,保育所等,こども未来部 保育課,愛知県豊橋市多米町字野中１５２番地,多米,1035.13,993.35,1970,111785726,173323872,11905962,480,201,153009,kobetsu_kosodate.pdf,p.11-12
玉川児童クラブ,子育て支援系施設,保育所等,教育委員会 地域教育推進室,愛知県豊橋市石巻本町字野添１０番地（玉川小学校敷地内）,玉川,79.11,81.41,2008,2510000,8147470,558861,5246,17,1182,kobetsu_kosodate.pdf,p.13-14
つつじが丘第一児童クラブ,子育て支援系施設,保育所等,教育委員会 地域教育推進室,愛知県豊橋市佐藤五丁目１６番地の１（つつじが丘小学校敷地内）,つつじが丘,69.72,69.72,1999,2750000,8331422,492527,5478,17,1109,kobetsu_kosodate.pdf,p.15-16
つつじが丘第二児童クラブ,子育て支援系施設,保育所等,教育委員会 地域教育推進室,愛知県豊橋市佐藤五丁目１６番地の２,つつじが丘,96.89,96.89,2011,3074000,8516369,1352524,5626,19,1208,kobetsu_kosodate.pdf,p.17-18
野依第一児童クラブ,子育て支援系施設,保育所等,教育委員会 地域教育推進室,愛知県豊橋市野依町字諏訪１２５番地（野依小学校敷地内）,野依,195.43,115.93,2011,2868000,9578365,1433349,5443,23,1497,kobetsu_kosodate.pdf,p.19-20
野依第二児童クラブ,子育て支援系施設,保育所等,教育委員会 地域教育推進室,愛知県豊橋市野依町字諏訪１２５番地（野依小学校敷地内）,野依,,,,2880000,9271889,1294732,6286,21,1223,kobetsu_kosodate.pdf,p.21-22
高師第二児童クラブ,子育て支援系施設,保育所等,教育委員会 地域教育推進室,愛知県豊橋市上野町字上原１００番地（高師小学校敷地内）,高師,85.70,91.09,2009,3379000,9506512,1196319,7123,20,1029,kobetsu_kosodate.pdf,p.23-24
芦原第一児童クラブ,子育て支援系施設,保育所等,教育委員会 地域教育推進室,愛知県豊橋市芦原町字嵩山地４２番地の１（芦原小学校敷地内）,芦原,105.92,108.22,2007,3027000,9217800,861744,6237,20,1131,kobetsu_kosodate.pdf,p.25-26
二川南第一児童クラブ,子育て支援系施設,保育所等,教育委員会 地域教育推進室,愛知県豊橋市大岩町字前荒田１４５番地の２（二川南小学校敷地内）,二川南,79.49,86.72,2009,2168000,7806763,1109631,4885,19,1382,kobetsu_kosodate.pdf,p.27-28
牟呂児童クラブ,子育て支援系施設,保育所等,教育委員会 地域教育推進室,愛知県豊橋市牟呂中村町１番地の４（牟呂小学校敷地内）,牟呂,197.52,116.15,2003,2093000,8795333,1521139,4229,23,1945,kobetsu_kosodate.pdf,p.29-30
高根児童クラブ,子育て支援系施設,保育所等,教育委員会 地域教育推進室,愛知県豊橋市西七根町字北浜辺１４７番地の１（高値小学校敷地内）,高根,101.56,101.56,2016,2455000,8221009,1727733,4848,21,1546,kobetsu_kosodate.pdf,p.31-32
花田第二児童クラブ,子育て支援系施設,保育所等,教育委員会 地域教育推進室,愛知県豊橋市西羽田町２４７番地（花田小学校敷地内）,花田,86.12,88.52,2011,2593000,9072158,1202182,5475,21,1403,kobetsu_kosodate.pdf,p.33-34
杉山児童クラブ,子育て支援系施設,保育所等,教育委員会 地域教育推進室,愛知県豊橋市杉山町字御園９番地の４（杉山小学校敷地内）,杉山,158.24,84.20,2006,2073000,8327172,1285064,4422,21,1705,kobetsu_kosodate.pdf,p.35-36
幸第一児童クラブ,子育て支援系施設,保育所等,教育委員会 地域教育推進室,愛知県豊橋市西幸町字笠松１８４番地の１,幸,177.52,106.79,2008,2887000,8822342,611137,6017,18,1088,kobetsu_kosodate.pdf,p.37-38
幸第二児童クラブ,子育て支援系施設,保育所等,教育委員会 地域教育推進室,愛知県豊橋市西幸町字笠松１８４番地の１（幸第一児童クラブ内）,幸,,,,3168000,8726298,642927,6049,17,1026,kobetsu_kosodate.pdf,p.39-40
飯村児童クラブ,子育て支援系施設,保育所等,教育委員会 地域教育推進室,愛知県豊橋市飯村南四丁目６番地の４（飯村小学校敷地内）,飯村,81.15,87.69,2009,2108000,8713515,1132804,3850,22,2010,kobetsu_kosodate.pdf,p.41-42
栄第二児童クラブ,子育て支援系施設,保育所等,教育委員会 地域教育推進室,愛知県豊橋市北山町字東浦４６番地の４（栄小学校敷地内）,栄,85.70,91.09,2009,2411000,8322331,1196319,4516,20,1574,kobetsu_kosodate.pdf,p.43-44
交通児童館,子育て支援系施設,幼児・児童施設,こども未来部 こども未来館,愛知県豊橋市向山町字池下３５番地（向山緑地内）,向山,948.61,643.42,1992,1417498,27074651,8032107,286348,92,118,kobetsu_kosodate.pdf,p.45-46
こども未来館,子育て支援系施設,幼児・児童施設,こども未来部 こども未来館,愛知県豊橋市松葉町三丁目１番地,松葉,7214.72,3870.30,2007,24680684,237836164,68389154,661711,767,426,kobetsu_kosodate.pdf,p.47-48
ミラまちこども館,子育て支援系施設,幼児・児童施設,こども未来部 こども未来館,愛知県豊橋市曙町字松並101番地180,高師,176.00,180.35,2019,183982,192889,2757794,8681,8,319,kobetsu_kosodate.pdf,p.49-50
こども若者支援センター,子育て支援系施設,その他施設,こども未来部 こども若者支援センター,愛知県豊橋市松葉町三丁目１番地,松葉,4265.71,654.01,1981,0,172982993,30941361,,556,,kobetsu_kosodate.pdf,p.51-52
職業訓練センター,産業系施設,産業振興施設,産業部 商工業振興課,愛知県豊橋市前田南町二丁目１９番地の７,松山,1307.85,572.25,1964,312570,4564306,64771,14981,12,289,kobetsu_sangyou.pdf,p.1-2
勤労者会館,産業系施設,産業振興施設,産業部 商工業振興課,愛知県豊橋市神野ふ頭町３番地２２（ライフポートとよはし内）,牟呂,,,,3579,23138120,13228532,10069,100,3612,kobetsu_sangyou.pdf,p.3-4
とよはし産業人材育成センター,産業系施設,産業振興施設,産業部 商工業振興課,愛知県豊橋市神野新田町字シノ割１番地３,吉田方,6118.84,2483.46,1987,19430019,40936542,22248664,30087,120,1455,kobetsu_sangyou.pdf,p.5-6
吉田城鉄櫓,産業系施設,観光施設,産業部 観光プロモーション課,愛知県豊橋市豊橋市今橋町３番地（豊橋公園内）,八町,257.20,114.90,1953,0,3974598,0,41768,11,96,kobetsu_sangyou.pdf,p.7-8
吉祥山市民ふれあいの森,産業系施設,観光施設,産業部 観光プロモーション課,愛知県豊橋市石巻西川町字吉祥２８－５ほか（石巻西川緑地内）,西郷,98.06,97.00,2001,0,1518475,228050,,5,,kobetsu_sangyou.pdf,p.9-10
地域振興施設,産業系施設,観光施設,産業部 農業企画課,愛知県豊橋市東七根町字一の沢１１３番地の２,高根,1843.20,2088.24,2019,102550,16027819,46490884,1542745,171,41,kobetsu_sangyou.pdf,p.11-12
ポートインフォメーションセンター,産業系施設,その他施設,産業部 みなと振興課,愛知県豊橋市神野ふ頭町３番地の２９,牟呂,1440.95,800.68,2005,839683,74454173,15857589,21527,244,4157,kobetsu_sangyou.pdf,p.13-14
競輪場,その他施設,その他施設,産業部 競輪事務所,愛知県豊橋市東田町８７番地,東田,19091.26,13569.03,1963,3993311,855167279,170461555,217792,2783,4691,kobetsu_sonota.pdf,p.1-2
まちなか広場,その他施設,その他施設,都市計画部 まちなか活性課,愛知県豊橋市駅前大通二丁目８３番地,松山,92.43,119.73,2021,703815,6124130,1011340,,18,,kobetsu_sonota.pdf,p.3-4
総合体育館,スポーツ系施設,スポーツ施設,文化・スポーツ部 スポーツ課,愛知県豊橋市神野新田町字メノ割１番地の３（総合スポーツ公園内）,吉田方,12638.72,8878.73,1987,4020544,81496679,86829338,253679,448,648,kobetsu_sports.pdf,p.1-2
前田南地区体育館,スポーツ系施設,スポーツ施設,文化・スポーツ部 スポーツ課,愛知県豊橋市前田南町二丁目１９番地の８,松山,1224.00,1350.00,1973,3350,3428998,0,35764,10,96,kobetsu_sports.pdf,p.3-4
下五井地区体育館,スポーツ系施設,スポーツ施設,文化・スポーツ部 スポーツ課,愛知県豊橋市下五井町南田３７番地,津田,1441.50,1643.68,1988,7510,9038971,9321489,34334,50,535,kobetsu_sports.pdf,p.5-6
新栄地区体育館,スポーツ系施設,スポーツ施設,文化・スポーツ部 スポーツ課,愛知県豊橋市新栄町字大溝６３番地,吉田方,1116.50,1220.00,1974,5040,4831825,0,28640,14,169,kobetsu_sports.pdf,p.7-8
浜道地区体育館,スポーツ系施設,スポーツ施設,文化・スポーツ部 スポーツ課,愛知県豊橋市浜道町字桜５０番地の７（本郷生涯学習センター内）,高師,1413.07,1361.31,1989,90,12403762,8953541,43616,59,490,kobetsu_sports.pdf,p.9-10
草間地区体育館,スポーツ系施設,スポーツ施設,文化・スポーツ部 スポーツ課,愛知県豊橋市草間町字平東８９番地,中野,1301.88,1454.55,1983,6130,4907201,8396590,37666,37,354,kobetsu_sports.pdf,p.11-12
牛川地区体育館,スポーツ系施設,スポーツ施設,文化・スポーツ部 スポーツ課,愛知県豊橋市牛川町字田ノ上２１番地の６,牛川,1323.87,1323.87,1981,3000,6527061,8360371,31103,41,479,kobetsu_sports.pdf,p.13-14
飯村地区体育館,スポーツ系施設,スポーツ施設,文化・スポーツ部 スポーツ課,愛知県豊橋市飯村北一丁目３番地の１,飯村,1350.03,1506.30,1984,1510,6955431,14793193,44783,60,486,kobetsu_sports.pdf,p.15-16
大清水地区体育館,スポーツ系施設,スポーツ施設,文化・スポーツ部 スポーツ課,愛知県豊橋市大清水町字大清水５３９番地の１,大清水,1537.03,1689.40,1993,1957522,10104198,9892679,51219,50,353,kobetsu_sports.pdf,p.17-18
石巻地区体育館,スポーツ系施設,スポーツ施設,文化・スポーツ部 スポーツ課,愛知県豊橋市石巻本町字出口７番地の１,玉川,1444.81,1654.01,1991,7689,9690447,9347722,33137,52,575,kobetsu_sports.pdf,p.19-20
二川地区体育館,スポーツ系施設,スポーツ施設,文化・スポーツ部 スポーツ課,愛知県豊橋市二川町字西向山４１番地の１０,二川南,1443.86,1696.61,1990,190,8402411,9373754,41479,49,429,kobetsu_sports.pdf,p.21-22
武道館,スポーツ系施設,スポーツ施設,文化・スポーツ部 スポーツ課,愛知県豊橋市豊橋市今橋町３番地（豊橋公園内）,八町,3038.56,1367.22,1972,0,8248441,0,52862,23,157,kobetsu_sports.pdf,p.23-24
市民球場,スポーツ系施設,スポーツ施設,文化・スポーツ部 スポーツ課,愛知県豊橋市岩田町１番地の２（岩田運動公園内）,岩田,5005.68,4447.84,1978,3806,52277281,34279644,56382,236,1536,kobetsu_sports.pdf,p.25-26
東田球場,スポーツ系施設,スポーツ施設,文化・スポーツ部 スポーツ課,愛知県豊橋市東田町８７番地の１（東田公園内）,東田,73.88,73.88,1992,0,18984735,701542,19027,54,1035,kobetsu_sports.pdf,p.27-28
陸上競技場,スポーツ系施設,スポーツ施設,文化・スポーツ部 スポーツ課,愛知県豊橋市豊橋市今橋町３番地（豊橋公園内）,八町,2461.52,1630.30,2017,1500,43965162,75059206,104691,325,1137,kobetsu_sports.pdf,p.29-30
トレーニングセンター,スポーツ系施設,スポーツ施設,文化・スポーツ部 スポーツ課,愛知県豊橋市豊栄町字西５３１番地,二川南,1381.61,846.70,1978,18000,10614188,6368566,3110,47,5455,kobetsu_sports.pdf,p.31-32
市民球技場,スポーツ系施設,スポーツ施設,文化・スポーツ部 スポーツ課,愛知県豊橋市岩田町１番地の２（岩田運動公園内）,岩田,692.90,797.24,1981,24326,21404674,4048437,23159,70,1099,kobetsu_sports.pdf,p.33-34
高師緑地馬場,スポーツ系施設,スポーツ施設,文化・スポーツ部 スポーツ課,愛知県豊橋市高師町字北原３０番地の１（高師緑地内）,芦原,449.50,248.14,1983,0,404503,2403511,6259,8,449,kobetsu_sports.pdf,p.35-36
軟式庭球場①②（豊橋公園）,スポーツ系施設,スポーツ施設,文化・スポーツ部 スポーツ課,愛知県豊橋市豊橋市今橋町３番地（豊橋公園内）,八町,171.00,171.00,1979,0,5207030,660610,29751,16,198,kobetsu_sports.pdf,p.37-38
万場調整池庭球場,スポーツ系施設,スポーツ施設,文化・スポーツ部 スポーツ課,愛知県豊橋市東赤沢町字竜下４６１番地の１,豊南,103.01,103.01,1990,0,1758824,868228,13728,8,192,kobetsu_sports.pdf,p.39-42
総合スポーツ公園サッカー場,スポーツ系施設,スポーツ施設,文化・スポーツ部 スポーツ課,愛知県豊橋市神野新田町字キノ割８番地の１（総合スポーツ公園内）,吉田方,237.48,237.48,2019,0,1684792,2144047,39899,11,96,kobetsu_sports.pdf,p.43-44
市民クラブハウス,スポーツ系施設,その他施設,文化・スポーツ部 スポーツ課,愛知県豊橋市岩田町１番地の２（岩田運動公園内）,岩田,506.46,480.50,1980,33424,813435,3422723,4115,12,1022,kobetsu_sports.pdf,p.45-46
