施設名,施設分類_大分類,施設分類_小分類,所管部課,所在地,地区,延べ床面積合計_m2,建築面積合計_m2,建築年度_最古棟,老朽化度,支出6年平均_円,減価償却費_円,利用者数_人,市民1人当たりコスト_円,利用者1人当たりコスト_円,出典PDF,出典ページ
大塚駅第１自転車駐車場,その他施設,駅周辺施設,,,大塚,145.0,,1982,2.3,,,,,,hakusho_r2kaitei.pdf,p.91
三谷駅北自転車駐車場,その他施設,駅周辺施設,,,三谷,594.0,,1996,2.0,292000,,,,,hakusho_r2kaitei.pdf,p.91
交通安全教育センター,その他施設,その他,,,蒲郡北,276.0,,1973,3.8,0,,,,,hakusho_r2kaitei.pdf,p.92
蒲郡乗船センター,その他施設,その他,,,蒲郡南,185.0,,1991,4.4,77000,,,,,hakusho_r2kaitei.pdf,p.92
市営共同艇庫,その他施設,その他,,,大塚,1488.0,,2015,1.2,419000,,,,,hakusho_r2kaitei.pdf,p.92
勤労福祉会館,保健・福祉施設,福祉センター等,,,蒲郡南,3174.0,,1980,3.5,32425000,,,,,hakusho_r2kaitei.pdf,p.73
浜町福祉センター,保健・福祉施設,福祉センター等,,,塩津,709.0,,1982,3.1,34351000,,7970,,,hakusho_r2kaitei.pdf,p.73
中央子育て支援センター,保健・福祉施設,福祉センター等,,,蒲郡南,99.0,,1992,2.3,8097000,,7200,,,hakusho_r2kaitei.pdf,p.73
生きがいセンター,保健・福祉施設,福祉センター等,,,蒲郡南,2176.0,,1992,3.3,17808000,,45057,,,hakusho_r2kaitei.pdf,p.73
養護老人ホーム,保健・福祉施設,福祉センター等,,,大塚,1070.0,,1970,3.4,76288000,,6149,,,hakusho_r2kaitei.pdf,p.73
老人福祉センター寿楽荘,保健・福祉施設,福祉センター等,,,大塚,1610.0,,1974,2.9,53794000,,39339,,,hakusho_r2kaitei.pdf,p.73
保健医療センター,保健・福祉施設,福祉センター等,,,塩津,5855.0,,1993,3.4,958907000,,29167,,,hakusho_r2kaitei.pdf,p.73
ユトリーナ蒲郡,保健・福祉施設,福祉センター等,,,西浦,1977.0,,2000,3.9,37630000,,38153,,,hakusho_r2kaitei.pdf,p.73
東部保育園,児童福祉施設,保育園,,,蒲郡南,812.0,,1969,3.1,49916000,,56,,,hakusho_r2kaitei.pdf,p.60
北部保育園,児童福祉施設,保育園,,,蒲郡北,1140.0,,1979,3.2,118058000,,117,,,hakusho_r2kaitei.pdf,p.60
西部保育園,児童福祉施設,保育園,,,蒲郡北,660.0,,1977,2.7,67660000,,46,,,hakusho_r2kaitei.pdf,p.60
塩津保育園,児童福祉施設,保育園,,,塩津,933.0,,1969,3.1,47301000,,34,,,hakusho_r2kaitei.pdf,p.60
大塚保育園,児童福祉施設,保育園,,,大塚,684.0,,1970,3.1,61036000,,65,,,hakusho_r2kaitei.pdf,p.60
府相保育園,児童福祉施設,保育園,,,蒲郡南,1112.0,,1970,3.0,108936000,,109,,,hakusho_r2kaitei.pdf,p.60
三谷東保育園,児童福祉施設,保育園,,,三谷,1229.0,,1973,3.0,127319000,,117,,,hakusho_r2kaitei.pdf,p.60
大塚西保育園,児童福祉施設,保育園,,,大塚,530.0,,1972,3.1,39043000,,27,,,hakusho_r2kaitei.pdf,p.60
三谷西保育園,児童福祉施設,保育園,,,三谷,1002.0,,1971,3.0,89152000,,70,,,hakusho_r2kaitei.pdf,p.60
形原保育園,児童福祉施設,保育園,,,形原,904.0,,1970,2.8,92681000,,80,,,hakusho_r2kaitei.pdf,p.60
中部保育園,児童福祉施設,保育園,,,蒲郡北,1308.0,,1976,2.8,144594000,,138,,,hakusho_r2kaitei.pdf,p.60
南部保育園,児童福祉施設,保育園,,,蒲郡南,1088.0,,2011,1.1,152586000,,144,,,hakusho_r2kaitei.pdf,p.60
形原南保育園,児童福祉施設,保育園,,,形原,1201.0,,1980,3.1,106633000,,83,,,hakusho_r2kaitei.pdf,p.60
西浦保育園,児童福祉施設,保育園,,,西浦,1184.0,,1982,3.1,101654000,,95,,,hakusho_r2kaitei.pdf,p.60
形原北保育園,児童福祉施設,保育園,,,形原,921.0,,1967,3.6,63981000,,83,,,hakusho_r2kaitei.pdf,p.60
塩津北保育園,児童福祉施設,保育園,,,塩津,552.0,,1978,2.8,35740000,,35,,,hakusho_r2kaitei.pdf,p.60
おおつか児童館,児童福祉施設,児童館,,,大塚,486.0,,1999,2.2,16655000,,16329,,,hakusho_r2kaitei.pdf,p.66
みや児童館,児童福祉施設,児童館,,,三谷,490.0,,1996,2.2,12914000,,22708,,,hakusho_r2kaitei.pdf,p.66
がまごおり児童館,児童福祉施設,児童館,,,蒲郡南,591.0,,2011,1.3,13769000,,29471,,,hakusho_r2kaitei.pdf,p.66
ちゅうぶ児童館,児童福祉施設,児童館,,,蒲郡北,569.0,,2005,2.1,10741000,,31096,,,hakusho_r2kaitei.pdf,p.66
しおつ児童館,児童福祉施設,児童館,,,塩津,510.0,,2001,2.0,18649000,,25467,,,hakusho_r2kaitei.pdf,p.66
かたはら児童館,児童福祉施設,児童館,,,形原,349.0,,1991,2.9,11309000,,21090,,,hakusho_r2kaitei.pdf,p.66
にしうら児童館,児童福祉施設,児童館,,,西浦,491.0,,2001,2.0,10300000,,20490,,,hakusho_r2kaitei.pdf,p.66
市営丸山住宅,公営住宅施設,公営住宅,,,大塚,6951.0,,1997,2.8,13141000,,,,,hakusho_r2kaitei.pdf,p.79
市営大塚住宅,公営住宅施設,公営住宅,,,大塚,5228.0,,1973,3.4,24585000,,,,,hakusho_r2kaitei.pdf,p.79
市営白山住宅,公営住宅施設,公営住宅,,,蒲郡南,5112.0,,1990,3.0,3604000,,,,,hakusho_r2kaitei.pdf,p.79
市営力川住宅,公営住宅施設,公営住宅,,,三谷,589.0,,1974,3.4,3994000,,,,,hakusho_r2kaitei.pdf,p.79
市営貴船住宅,公営住宅施設,公営住宅,,,蒲郡北,855.0,,1952,4.0,1831000,,,,,hakusho_r2kaitei.pdf,p.79
市営大宮住宅,公営住宅施設,公営住宅,,,蒲郡北,494.0,,1958,4.1,1786000,,,,,hakusho_r2kaitei.pdf,p.79
市営月田住宅,公営住宅施設,公営住宅,,,塩津,225.0,,1954,4.1,1802000,,,,,hakusho_r2kaitei.pdf,p.79
市営鹿島住宅,公営住宅施設,公営住宅,,,塩津,1507.0,,1962,4.0,3739000,,,,,hakusho_r2kaitei.pdf,p.79
市営北浜住宅,公営住宅施設,公営住宅,,,形原,3423.0,,1982,3.4,9572000,,,,,hakusho_r2kaitei.pdf,p.79
市民会館,公民館等施設,市民会館,,,蒲郡北,13233.0,,1973,3.9,145588000,,218146,,,hakusho_r2kaitei.pdf,p.33
蒲郡公民館,公民館等施設,公民館,,,蒲郡南,806.0,,2013,1.0,7433000,,17696,,,hakusho_r2kaitei.pdf,p.34
小江公民館,公民館等施設,公民館,,,蒲郡南,677.0,,1975,3.6,7702000,,14807,,,hakusho_r2kaitei.pdf,p.34
府相公民館,公民館等施設,公民館,,,蒲郡南,595.0,,2019,1.0,,,,,,hakusho_r2kaitei.pdf,p.34
東部公民館,公民館等施設,公民館,,,蒲郡南,695.0,,1973,3.0,7287000,,31902,,,hakusho_r2kaitei.pdf,p.34
北部公民館,公民館等施設,公民館,,,蒲郡北,551.0,,1977,3.0,6496000,,30430,,,hakusho_r2kaitei.pdf,p.34
西部公民館,公民館等施設,公民館,,,蒲郡北,418.0,,1975,3.2,6580000,,9808,,,hakusho_r2kaitei.pdf,p.34
三谷公民館,公民館等施設,公民館,,,三谷,1951.0,,1971,3.0,16427000,,33161,,,hakusho_r2kaitei.pdf,p.34
塩津公民館,公民館等施設,公民館,,,塩津,554.0,,1975,3.1,7645000,,18257,,,hakusho_r2kaitei.pdf,p.34
大塚公民館,公民館等施設,公民館,,,大塚,742.0,,1972,3.0,10485000,,30241,,,hakusho_r2kaitei.pdf,p.34
形原公民館,公民館等施設,公民館,,,形原,845.0,,2009,1.2,9000000,,26315,,,hakusho_r2kaitei.pdf,p.34
西浦公民館,公民館等施設,公民館,,,西浦,1078.0,,1976,3.1,10263000,,36884,,,hakusho_r2kaitei.pdf,p.34
蒲郡南部小学校,学校教育施設,小学校,,,蒲郡南,6952.0,,1949,2.5,55057000,,326,,,hakusho_r2kaitei.pdf,p.49
蒲郡東部小学校,学校教育施設,小学校,,,蒲郡南,5231.0,,1966,2.4,35865000,,291,,,hakusho_r2kaitei.pdf,p.49
蒲郡北部小学校,学校教育施設,小学校,,,蒲郡北,4854.0,,1952,2.7,42234000,,314,,,hakusho_r2kaitei.pdf,p.49
蒲郡西部小学校,学校教育施設,小学校,,,蒲郡北,3756.0,,1952,2.6,40451000,,71,,,hakusho_r2kaitei.pdf,p.49
三谷小学校,学校教育施設,小学校,,,三谷,6147.0,,1957,2.7,47377000,,230,,,hakusho_r2kaitei.pdf,p.49
塩津小学校,学校教育施設,小学校,,,塩津,7278.0,,1960,3.1,38440000,,530,,,hakusho_r2kaitei.pdf,p.49
大塚小学校,学校教育施設,小学校,,,大塚,5405.0,,1956,2.8,34517000,,290,,,hakusho_r2kaitei.pdf,p.49
形原小学校,学校教育施設,小学校,,,形原,6261.0,,1967,2.9,47028000,,351,,,hakusho_r2kaitei.pdf,p.49
西浦小学校,学校教育施設,小学校,,,西浦,6242.0,,1953,3.0,44679000,,235,,,hakusho_r2kaitei.pdf,p.49
形原北小学校,学校教育施設,小学校,,,形原,6447.0,,1966,2.7,43486000,,547,,,hakusho_r2kaitei.pdf,p.49
中央小学校,学校教育施設,小学校,,,蒲郡北,6409.0,,1966,2.6,43764000,,310,,,hakusho_r2kaitei.pdf,p.49
三谷東小学校,学校教育施設,小学校,,,三谷,6765.0,,1957,2.8,39536000,,317,,,hakusho_r2kaitei.pdf,p.49
竹島小学校,学校教育施設,小学校,,,蒲郡南,6055.0,,1973,3.0,42674000,,332,,,hakusho_r2kaitei.pdf,p.49
蒲郡中学校,学校教育施設,中学校,,,蒲郡南,9383.0,,1960,2.9,46614000,,489,,,hakusho_r2kaitei.pdf,p.53
三谷中学校,学校教育施設,中学校,,,三谷,8032.0,,1972,3.2,47637000,,299,,,hakusho_r2kaitei.pdf,p.53
塩津中学校,学校教育施設,中学校,,,塩津,7010.0,,1962,2.6,86280000,,262,,,hakusho_r2kaitei.pdf,p.53
大塚中学校,学校教育施設,中学校,,,大塚,7443.0,,1957,3.0,30175000,,162,,,hakusho_r2kaitei.pdf,p.53
形原中学校,学校教育施設,中学校,,,形原,8716.0,,1965,2.7,43418000,,490,,,hakusho_r2kaitei.pdf,p.53
西浦中学校,学校教育施設,中学校,,,西浦,7004.0,,1962,3.2,41536000,,108,,,hakusho_r2kaitei.pdf,p.53
中部中学校,学校教育施設,中学校,,,蒲郡北,7640.0,,1977,2.9,42733000,,347,,,hakusho_r2kaitei.pdf,p.53
ソフィア看護専門学校,学校教育施設,専門学校,,,蒲郡南,4418.0,,1998,2.3,134602000,,112,,,hakusho_r2kaitei.pdf,p.56
学校給食センター,学校教育施設,その他（学校教育）,,,三谷,3692.0,,2004,1.9,669622000,,1443801,,,hakusho_r2kaitei.pdf,p.57
本庁舎,庁舎等施設,庁舎・車庫,,,蒲郡北,19817.0,,1961,2.4,249432000,,,,,hakusho_r2kaitei.pdf,p.30
消防本部,消防・防災施設,消防署,,,蒲郡南,5061.0,,2009,1.0,498371000,,,,,hakusho_r2kaitei.pdf,p.88
東部出張所,消防・防災施設,消防署,,,三谷,439.0,,1969,2.7,,,,,,hakusho_r2kaitei.pdf,p.88
西部出張所,消防・防災施設,消防署,,,形原,305.0,,1966,3.3,,,,,,hakusho_r2kaitei.pdf,p.88
西部防災センター,消防・防災施設,消防資機材庫等,,,形原,1041.0,,1971,3.8,145000,,,,,hakusho_r2kaitei.pdf,p.89
三谷防災倉庫,消防・防災施設,消防資機材庫等,,,三谷,110.0,,1982,2.7,6000,,,,,hakusho_r2kaitei.pdf,p.89
形原防災倉庫,消防・防災施設,消防資機材庫等,,,形原,172.0,,1982,2.6,0,,,,,hakusho_r2kaitei.pdf,p.89
生命の海科学館,生涯学習施設,博物館等,,,蒲郡南,3297.0,,1998,3.3,106956000,,84785,,,hakusho_r2kaitei.pdf,p.40
博物館,生涯学習施設,博物館等,,,蒲郡北,2364.0,,1978,3.4,45738000,,32288,,,hakusho_r2kaitei.pdf,p.40
図書館,生涯学習施設,図書館,,,蒲郡北,2006.0,,1969,3.3,125343000,,307677,,,hakusho_r2kaitei.pdf,p.41
クリーンセンター,衛生施設,ごみ処理施設等,,,西浦,7139.0,,1997,3.0,726267000,,,,,hakusho_r2kaitei.pdf,p.77
リサイクルプラザ,衛生施設,ごみ処理施設等,,,西浦,3265.0,,1999,2.6,290442000,,,,,hakusho_r2kaitei.pdf,p.77
一色不燃物最終処分場,衛生施設,ごみ処理施設等,,,形原,266.0,,1982,4.1,37294000,,,,,hakusho_r2kaitei.pdf,p.77
一般廃棄物最終処分場,衛生施設,ごみ処理施設等,,,大塚,918.0,,2000,2.7,31452000,,,,,hakusho_r2kaitei.pdf,p.77
海賓館マリンセンターハウス,観光施設,観光施設,,,蒲郡南,278.0,,1996,2.8,3652000,,18052,,,hakusho_r2kaitei.pdf,p.84
竹島水族館,観光施設,観光施設,,,蒲郡南,1996.0,,1962,3.8,73001000,,365563,,,hakusho_r2kaitei.pdf,p.84
海辺の文学記念館,観光施設,観光施設,,,蒲郡南,347.0,,1983,3.1,5471000,,16269,,,hakusho_r2kaitei.pdf,p.84
ナビテラス,観光施設,観光施設,,,蒲郡南,429.0,,2012,1.1,6160000,,35497,,,hakusho_r2kaitei.pdf,p.84
西浦温泉レストハウス,観光施設,観光施設,,,西浦,140.0,,1966,3.6,249000,,,,,hakusho_r2kaitei.pdf,p.84
竹島レストハウス,観光施設,観光施設,,,蒲郡南,128.0,,1967,3.6,120000,,,,,hakusho_r2kaitei.pdf,p.84
グラウンド,運動・公園施設,スポーツ施設等,,,西浦,2046.0,,1972,2.7,,,,,,hakusho_r2kaitei.pdf,p.43
競技場,運動・公園施設,スポーツ施設等,,,,5264.0,,1967,4.2,,,,,,hakusho_r2kaitei.pdf,p.43
武道館,運動・公園施設,スポーツ施設等,,,,5049.0,,1980,3.6,,,,,,hakusho_r2kaitei.pdf,p.43
文化広場,運動・公園施設,スポーツ施設等,,,形原,1857.0,,1983,3.3,12724000,,27327,,,hakusho_r2kaitei.pdf,p.43
浜町テニスコート,運動・公園施設,スポーツ施設等,,,塩津,89.0,,1989,2.7,2524000,,11761,,,hakusho_r2kaitei.pdf,p.43
金平テニスコート,運動・公園施設,スポーツ施設等,,,形原,242.0,,1987,3.5,9143000,,16657,,,hakusho_r2kaitei.pdf,p.43
さがらの森,運動・公園施設,スポーツ施設等,,,大塚,500.0,,1974,3.0,2322000,,4507,,,hakusho_r2kaitei.pdf,p.43
中央公園,運動・公園施設,公園,,,蒲郡北,148.0,,1980,3.0,18720000,,,,,hakusho_r2kaitei.pdf,p.47
双太山公園,運動・公園施設,公園,,,形原,220.0,,1989,2.5,6663000,,,,,hakusho_r2kaitei.pdf,p.47
春日浦公園,運動・公園施設,公園,,,形原,78.0,,1998,2.2,3808000,,,,,hakusho_r2kaitei.pdf,p.47
